mode: set
clawbench/internal/ai/accumulate.go:24.71,27.54 1 0
clawbench/internal/ai/accumulate.go:27.54,28.42 1 0
clawbench/internal/ai/accumulate.go:28.42,29.32 1 0
clawbench/internal/ai/accumulate.go:29.32,31.5 1 0
clawbench/internal/ai/accumulate.go:33.4,33.39 1 0
clawbench/internal/ai/accumulate.go:33.39,35.5 1 0
clawbench/internal/ai/accumulate.go:37.3,37.19 1 0
clawbench/internal/ai/accumulate.go:40.2,40.20 1 0
clawbench/internal/ai/accumulate.go:41.17,43.55 1 0
clawbench/internal/ai/accumulate.go:43.55,45.4 1 0
clawbench/internal/ai/accumulate.go:45.9,47.4 1 0
clawbench/internal/ai/accumulate.go:48.18,50.59 1 0
clawbench/internal/ai/accumulate.go:50.59,52.4 1 0
clawbench/internal/ai/accumulate.go:52.9,54.4 1 0
clawbench/internal/ai/accumulate.go:55.23,58.42 1 0
clawbench/internal/ai/accumulate.go:58.42,59.39 1 0
clawbench/internal/ai/accumulate.go:59.39,61.10 2 0
clawbench/internal/ai/accumulate.go:64.18,65.24 1 0
clawbench/internal/ai/accumulate.go:65.24,68.30 2 0
clawbench/internal/ai/accumulate.go:68.30,70.5 1 0
clawbench/internal/ai/accumulate.go:72.4,73.43 2 0
clawbench/internal/ai/accumulate.go:73.43,74.76 1 0
clawbench/internal/ai/accumulate.go:74.76,75.14 1 0
clawbench/internal/ai/accumulate.go:81.5,81.23 1 0
clawbench/internal/ai/accumulate.go:81.23,82.35 1 0
clawbench/internal/ai/accumulate.go:82.35,84.44 2 0
clawbench/internal/ai/accumulate.go:84.44,86.8 1 0
clawbench/internal/ai/accumulate.go:87.7,87.31 1 0
clawbench/internal/ai/accumulate.go:87.31,89.8 1 0
clawbench/internal/ai/accumulate.go:90.7,90.34 1 0
clawbench/internal/ai/accumulate.go:91.12,93.7 1 0
clawbench/internal/ai/accumulate.go:96.5,96.30 1 0
clawbench/internal/ai/accumulate.go:96.30,98.6 1 0
clawbench/internal/ai/accumulate.go:99.5,100.32 2 0
clawbench/internal/ai/accumulate.go:100.32,102.6 1 0
clawbench/internal/ai/accumulate.go:103.5,103.32 1 0
clawbench/internal/ai/accumulate.go:103.32,105.6 1 0
clawbench/internal/ai/accumulate.go:106.5,107.10 2 0
clawbench/internal/ai/accumulate.go:109.4,109.14 1 0
clawbench/internal/ai/accumulate.go:109.14,110.21 1 0
clawbench/internal/ai/accumulate.go:110.21,112.6 1 0
clawbench/internal/ai/accumulate.go:113.5,121.7 1 0
clawbench/internal/ai/accumulate.go:124.21,128.24 1 0
clawbench/internal/ai/accumulate.go:128.24,131.30 2 0
clawbench/internal/ai/accumulate.go:131.30,133.5 1 0
clawbench/internal/ai/accumulate.go:134.4,134.43 1 0
clawbench/internal/ai/accumulate.go:134.43,135.76 1 0
clawbench/internal/ai/accumulate.go:135.76,138.24 1 0
clawbench/internal/ai/accumulate.go:138.24,140.7 1 0
clawbench/internal/ai/accumulate.go:142.6,142.31 1 0
clawbench/internal/ai/accumulate.go:142.31,144.7 1 0
clawbench/internal/ai/accumulate.go:145.6,148.11 4 0
clawbench/internal/ai/accumulate.go:152.17,153.108 1 0
clawbench/internal/ai/accumulate.go:154.15,155.106 1 0
clawbench/internal/ai/accumulate.go:168.87,169.22 1 0
clawbench/internal/ai/accumulate.go:169.22,171.3 1 0
clawbench/internal/ai/accumulate.go:172.2,175.26 3 0
clawbench/internal/ai/accumulate.go:175.26,176.59 1 0
clawbench/internal/ai/accumulate.go:176.59,179.4 2 0
clawbench/internal/ai/accumulate.go:182.2,182.27 1 0
clawbench/internal/ai/accumulate.go:182.27,183.27 1 0
clawbench/internal/ai/accumulate.go:183.27,184.30 1 0
clawbench/internal/ai/accumulate.go:184.30,187.15 2 0
clawbench/internal/ai/accumulate.go:187.15,189.6 1 0
clawbench/internal/ai/accumulate.go:190.10,193.5 2 0
clawbench/internal/ai/accumulate.go:194.9,197.4 2 0
clawbench/internal/ai/accumulate.go:199.2,200.15 2 0
clawbench/internal/ai/acp_backend.go:26.61,27.26 1 0
clawbench/internal/ai/acp_backend.go:27.26,29.3 1 0
clawbench/internal/ai/acp_backend.go:30.2,30.39 1 0
clawbench/internal/ai/acp_backend.go:34.36,36.2 1 0
clawbench/internal/ai/acp_backend.go:42.102,45.12 2 0
clawbench/internal/ai/acp_backend.go:45.12,55.17 7 0
clawbench/internal/ai/acp_backend.go:55.17,62.4 3 0
clawbench/internal/ai/acp_backend.go:64.3,78.17 8 0
clawbench/internal/ai/acp_backend.go:78.17,79.24 1 0
clawbench/internal/ai/acp_backend.go:79.24,83.5 3 0
clawbench/internal/ai/acp_backend.go:87.4,87.67 1 0
clawbench/internal/ai/acp_backend.go:87.67,94.38 3 0
clawbench/internal/ai/acp_backend.go:94.38,95.37 1 0
clawbench/internal/ai/acp_backend.go:96.19,99.21 2 0
clawbench/internal/ai/acp_backend.go:100.28,103.30 2 0
clawbench/internal/ai/acp_backend.go:104.18,107.20 2 0
clawbench/internal/ai/acp_backend.go:111.5,112.24 2 0
clawbench/internal/ai/acp_backend.go:112.24,115.6 2 0
clawbench/internal/ai/acp_backend.go:117.5,122.30 5 0
clawbench/internal/ai/acp_backend.go:122.30,123.26 1 0
clawbench/internal/ai/acp_backend.go:123.26,127.7 3 0
clawbench/internal/ai/acp_backend.go:128.6,133.12 3 0
clawbench/internal/ai/acp_backend.go:136.5,137.11 2 0
clawbench/internal/ai/acp_backend.go:144.4,146.10 3 0
clawbench/internal/ai/acp_backend.go:150.3,151.49 2 0
clawbench/internal/ai/acp_backend.go:154.2,154.16 1 0
clawbench/internal/ai/acp_backend.go:158.97,161.11 2 0
clawbench/internal/ai/acp_backend.go:161.11,165.3 2 0
clawbench/internal/ai/acp_backend.go:165.8,167.3 1 0
clawbench/internal/ai/acp_backend.go:171.2,175.100 2 0
clawbench/internal/ai/acp_backend.go:175.100,178.3 2 0
clawbench/internal/ai/acp_backend.go:181.2,185.62 2 0
clawbench/internal/ai/acp_backend.go:185.62,187.3 1 0
clawbench/internal/ai/acp_client.go:59.50,66.2 1 0
clawbench/internal/ai/acp_client.go:71.90,76.2 4 0
clawbench/internal/ai/acp_client.go:81.69,87.47 4 0
clawbench/internal/ai/acp_client.go:87.47,90.3 2 0
clawbench/internal/ai/acp_client.go:93.2,93.43 1 0
clawbench/internal/ai/acp_client.go:93.43,94.35 1 0
clawbench/internal/ai/acp_client.go:94.35,99.4 2 0
clawbench/internal/ai/acp_client.go:104.67,108.2 3 0
clawbench/internal/ai/acp_client.go:112.57,113.22 1 0
clawbench/internal/ai/acp_client.go:113.22,115.3 1 0
clawbench/internal/ai/acp_client.go:116.2,116.43 1 0
clawbench/internal/ai/acp_client.go:121.84,127.2 5 0
clawbench/internal/ai/acp_client.go:131.73,135.31 4 0
clawbench/internal/ai/acp_client.go:135.31,140.52 2 0
clawbench/internal/ai/acp_client.go:140.52,142.4 1 0
clawbench/internal/ai/acp_client.go:143.3,143.28 1 0
clawbench/internal/ai/acp_client.go:145.2,145.13 1 0
clawbench/internal/ai/acp_client.go:149.71,153.2 3 0
clawbench/internal/ai/acp_client.go:160.98,162.45 1 0
clawbench/internal/ai/acp_client.go:162.45,166.3 3 0
clawbench/internal/ai/acp_client.go:171.2,171.29 1 0
clawbench/internal/ai/acp_client.go:171.29,176.3 4 0
clawbench/internal/ai/acp_client.go:178.2,183.9 5 0
clawbench/internal/ai/acp_client.go:183.9,187.3 1 0
clawbench/internal/ai/acp_client.go:189.2,190.12 2 0
clawbench/internal/ai/acp_client.go:195.57,197.2 1 0
clawbench/internal/ai/acp_client.go:205.140,206.25 1 0
clawbench/internal/ai/acp_client.go:206.25,210.3 1 0
clawbench/internal/ai/acp_client.go:212.2,218.29 5 0
clawbench/internal/ai/acp_client.go:218.29,220.3 1 0
clawbench/internal/ai/acp_client.go:221.2,222.28 2 0
clawbench/internal/ai/acp_client.go:222.28,224.3 1 0
clawbench/internal/ai/acp_client.go:225.2,227.32 3 0
clawbench/internal/ai/acp_client.go:227.32,228.62 1 0
clawbench/internal/ai/acp_client.go:228.62,230.4 1 0
clawbench/internal/ai/acp_client.go:233.2,249.9 6 0
clawbench/internal/ai/acp_client.go:249.9,257.3 4 0
clawbench/internal/ai/acp_client.go:265.2,278.22 4 0
clawbench/internal/ai/acp_client.go:278.22,280.3 1 0
clawbench/internal/ai/acp_client.go:281.2,281.19 1 0
clawbench/internal/ai/acp_client.go:281.19,283.3 1 0
clawbench/internal/ai/acp_client.go:285.2,298.19 3 0
clawbench/internal/ai/acp_client.go:298.19,300.33 2 0
clawbench/internal/ai/acp_client.go:300.33,301.104 1 0
clawbench/internal/ai/acp_client.go:301.104,303.10 2 0
clawbench/internal/ai/acp_client.go:306.3,306.26 1 0
clawbench/internal/ai/acp_client.go:306.26,332.4 6 0
clawbench/internal/ai/acp_client.go:334.3,337.4 1 0
clawbench/internal/ai/acp_client.go:340.2,348.22 2 0
clawbench/internal/ai/acp_client.go:348.22,353.3 4 0
clawbench/internal/ai/acp_client.go:356.2,356.9 1 0
clawbench/internal/ai/acp_client.go:357.23,363.23 4 0
clawbench/internal/ai/acp_client.go:363.23,368.4 4 0
clawbench/internal/ai/acp_client.go:371.3,373.36 3 0
clawbench/internal/ai/acp_client.go:373.36,376.4 2 0
clawbench/internal/ai/acp_client.go:377.3,387.19 2 0
clawbench/internal/ai/acp_client.go:388.20,394.15 4 0
clawbench/internal/ai/acp_client.go:400.105,408.2 3 0
clawbench/internal/ai/acp_client.go:419.98,422.9 3 0
clawbench/internal/ai/acp_client.go:422.9,425.3 2 0
clawbench/internal/ai/acp_client.go:426.2,429.15 3 0
clawbench/internal/ai/acp_client.go:429.15,433.3 1 0
clawbench/internal/ai/acp_client.go:433.8,437.3 1 0
clawbench/internal/ai/acp_client.go:438.2,438.13 1 0
clawbench/internal/ai/acp_client.go:444.39,445.27 1 0
clawbench/internal/ai/acp_client.go:445.27,447.3 1 0
clawbench/internal/ai/acp_client.go:448.2,448.57 1 0
clawbench/internal/ai/acp_client.go:448.57,450.3 1 0
clawbench/internal/ai/acp_client.go:451.2,451.12 1 0
clawbench/internal/ai/acp_client.go:455.123,456.46 1 0
clawbench/internal/ai/acp_client.go:456.46,458.3 1 0
clawbench/internal/ai/acp_client.go:459.2,460.16 2 0
clawbench/internal/ai/acp_client.go:460.16,462.3 1 0
clawbench/internal/ai/acp_client.go:463.2,464.37 2 0
clawbench/internal/ai/acp_client.go:464.37,467.35 3 0
clawbench/internal/ai/acp_client.go:467.35,469.26 2 0
clawbench/internal/ai/acp_client.go:469.26,471.5 1 0
clawbench/internal/ai/acp_client.go:473.3,474.61 2 0
clawbench/internal/ai/acp_client.go:474.61,476.4 1 0
clawbench/internal/ai/acp_client.go:477.3,477.49 1 0
clawbench/internal/ai/acp_client.go:479.2,479.56 1 0
clawbench/internal/ai/acp_client.go:483.126,484.46 1 0
clawbench/internal/ai/acp_client.go:484.46,486.3 1 0
clawbench/internal/ai/acp_client.go:487.2,487.44 1 0
clawbench/internal/ai/acp_client.go:487.44,488.49 1 0
clawbench/internal/ai/acp_client.go:488.49,490.4 1 0
clawbench/internal/ai/acp_client.go:492.2,492.84 1 0
clawbench/internal/ai/acp_conn_lifecycle.go:23.70,27.34 3 0
clawbench/internal/ai/acp_conn_lifecycle.go:27.34,30.3 2 0
clawbench/internal/ai/acp_conn_lifecycle.go:32.2,32.27 1 0
clawbench/internal/ai/acp_conn_lifecycle.go:36.105,38.31 2 0
clawbench/internal/ai/acp_conn_lifecycle.go:38.31,41.3 2 0
clawbench/internal/ai/acp_conn_lifecycle.go:42.2,46.19 4 0
clawbench/internal/ai/acp_conn_lifecycle.go:46.19,48.3 1 0
clawbench/internal/ai/acp_conn_lifecycle.go:49.2,50.16 2 0
clawbench/internal/ai/acp_conn_lifecycle.go:50.16,52.3 1 0
clawbench/internal/ai/acp_conn_lifecycle.go:53.2,53.44 1 0
clawbench/internal/ai/acp_conn_lifecycle.go:59.89,64.52 3 0
clawbench/internal/ai/acp_conn_lifecycle.go:64.52,68.3 3 0
clawbench/internal/ai/acp_conn_lifecycle.go:71.2,78.43 4 0
clawbench/internal/ai/acp_conn_lifecycle.go:78.43,80.3 1 0
clawbench/internal/ai/acp_conn_lifecycle.go:81.2,84.27 2 0
clawbench/internal/ai/acp_conn_lifecycle.go:84.27,100.17 9 0
clawbench/internal/ai/acp_conn_lifecycle.go:100.17,103.4 2 0
clawbench/internal/ai/acp_conn_lifecycle.go:105.3,109.19 5 0
clawbench/internal/ai/acp_conn_lifecycle.go:113.2,113.26 1 0
clawbench/internal/ai/acp_conn_lifecycle.go:113.26,116.17 3 0
clawbench/internal/ai/acp_conn_lifecycle.go:116.17,118.4 1 0
clawbench/internal/ai/acp_conn_lifecycle.go:119.3,122.44 3 0
clawbench/internal/ai/acp_conn_lifecycle.go:122.44,124.4 1 0
clawbench/internal/ai/acp_conn_lifecycle.go:128.2,137.16 6 0
clawbench/internal/ai/acp_conn_lifecycle.go:137.16,140.3 2 0
clawbench/internal/ai/acp_conn_lifecycle.go:142.2,146.18 5 0
clawbench/internal/ai/acp_conn_lifecycle.go:157.63,163.2 1 1
clawbench/internal/ai/acp_conn_lifecycle.go:166.123,177.16 6 0
clawbench/internal/ai/acp_conn_lifecycle.go:177.16,184.3 3 0
clawbench/internal/ai/acp_conn_lifecycle.go:185.2,192.12 6 0
clawbench/internal/ai/acp_conn_lifecycle.go:196.113,203.2 5 0
clawbench/internal/ai/acp_conn_lifecycle.go:207.92,208.51 1 0
clawbench/internal/ai/acp_conn_lifecycle.go:208.51,210.3 1 0
clawbench/internal/ai/acp_conn_lifecycle.go:211.2,217.13 7 0
clawbench/internal/ai/acp_conn_lifecycle.go:217.13,220.3 2 0
clawbench/internal/ai/acp_conn_lifecycle.go:224.40,225.19 1 0
clawbench/internal/ai/acp_conn_lifecycle.go:225.19,227.3 1 0
clawbench/internal/ai/acp_conn_lifecycle.go:228.2,228.9 1 0
clawbench/internal/ai/acp_conn_lifecycle.go:229.23,230.15 1 0
clawbench/internal/ai/acp_conn_lifecycle.go:231.10,232.14 1 0
clawbench/internal/ai/acp_conn_lifecycle.go:238.39,239.42 1 0
clawbench/internal/ai/acp_conn_lifecycle.go:239.42,241.3 1 0
clawbench/internal/ai/acp_conn_lifecycle.go:242.2,247.21 6 0
clawbench/internal/ai/acp_conn_lifecycle.go:247.21,249.3 1 0
clawbench/internal/ai/acp_conn_lifecycle.go:250.2,253.15 4 0
clawbench/internal/ai/acp_conn_lifecycle.go:257.58,259.42 1 0
clawbench/internal/ai/acp_conn_lifecycle.go:259.42,261.38 2 0
clawbench/internal/ai/acp_conn_lifecycle.go:261.38,265.4 3 0
clawbench/internal/ai/acp_conn_lifecycle.go:266.3,272.22 7 0
clawbench/internal/ai/acp_conn_lifecycle.go:272.22,274.4 1 0
clawbench/internal/ai/acp_conn_lifecycle.go:278.2,281.24 3 0
clawbench/internal/ai/acp_conn_lifecycle.go:281.24,283.3 1 0
clawbench/internal/ai/acp_conn_lifecycle.go:285.2,293.59 7 0
clawbench/internal/ai/acp_conn_lifecycle.go:293.59,295.3 1 0
clawbench/internal/ai/acp_conn_lifecycle.go:295.8,297.3 1 0
clawbench/internal/ai/acp_conn_lifecycle.go:299.2,300.16 2 0
clawbench/internal/ai/acp_conn_lifecycle.go:300.16,302.3 1 0
clawbench/internal/ai/acp_conn_lifecycle.go:303.2,304.16 2 0
clawbench/internal/ai/acp_conn_lifecycle.go:304.16,306.3 1 0
clawbench/internal/ai/acp_conn_lifecycle.go:307.2,312.46 4 0
clawbench/internal/ai/acp_conn_lifecycle.go:312.46,314.3 1 0
clawbench/internal/ai/acp_conn_lifecycle.go:315.2,340.16 10 0
clawbench/internal/ai/acp_conn_lifecycle.go:340.16,343.3 2 0
clawbench/internal/ai/acp_conn_lifecycle.go:345.2,348.40 2 0
clawbench/internal/ai/acp_conn_lifecycle.go:348.40,357.3 5 0
clawbench/internal/ai/acp_conn_lifecycle.go:359.2,370.12 11 0
clawbench/internal/ai/acp_conn_lifecycle.go:375.39,376.19 1 0
clawbench/internal/ai/acp_conn_lifecycle.go:376.19,378.3 1 0
clawbench/internal/ai/acp_conn_lifecycle.go:379.2,382.13 3 0
clawbench/internal/ai/acp_conn_lifecycle.go:382.13,384.41 2 0
clawbench/internal/ai/acp_conn_lifecycle.go:384.41,386.4 1 0
clawbench/internal/ai/acp_conn_lifecycle.go:388.2,389.20 2 0
clawbench/internal/ai/acp_conn_lifecycle.go:389.20,391.3 1 0
clawbench/internal/ai/acp_conn_lifecycle.go:392.2,397.45 3 0
clawbench/internal/ai/acp_conn_lifecycle.go:397.45,404.3 1 0
clawbench/internal/ai/acp_conn_lifecycle.go:404.8,416.3 1 0
clawbench/internal/ai/acp_conn_lifecycle.go:418.2,418.24 1 0
clawbench/internal/ai/acp_conn_lifecycle.go:422.51,428.33 5 0
clawbench/internal/ai/acp_conn_lifecycle.go:428.33,430.3 1 0
clawbench/internal/ai/acp_conn_lifecycle.go:435.87,436.41 1 0
clawbench/internal/ai/acp_conn_lifecycle.go:436.41,439.3 2 0
clawbench/internal/ai/acp_conn_lifecycle.go:441.2,445.18 4 0
clawbench/internal/ai/acp_conn_lifecycle.go:445.18,448.3 2 0
clawbench/internal/ai/acp_conn_lifecycle.go:450.2,456.20 4 0
clawbench/internal/ai/acp_conn_lifecycle.go:456.20,458.3 1 0
clawbench/internal/ai/acp_conn_lifecycle.go:460.2,462.18 2 0
clawbench/internal/ai/acp_conn_lifecycle.go:463.14,465.33 2 0
clawbench/internal/ai/acp_conn_lifecycle.go:466.60,468.43 2 0
clawbench/internal/ai/acp_conn_lifecycle.go:469.15,471.34 2 0
clawbench/internal/ai/acp_conn_lifecycle.go:476.101,482.27 5 0
clawbench/internal/ai/acp_conn_lifecycle.go:482.27,485.3 2 0
clawbench/internal/ai/acp_conn_lifecycle.go:487.2,499.16 5 0
clawbench/internal/ai/acp_conn_lifecycle.go:499.16,501.33 2 0
clawbench/internal/ai/acp_conn_lifecycle.go:501.33,503.35 2 0
clawbench/internal/ai/acp_conn_lifecycle.go:503.35,505.5 1 0
clawbench/internal/ai/acp_conn_lifecycle.go:506.4,508.104 3 0
clawbench/internal/ai/acp_conn_lifecycle.go:510.3,510.33 1 0
clawbench/internal/ai/acp_conn_lifecycle.go:510.33,515.4 4 0
clawbench/internal/ai/acp_conn_lifecycle.go:516.3,516.50 1 0
clawbench/internal/ai/acp_conn_lifecycle.go:516.50,523.4 4 0
clawbench/internal/ai/acp_conn_lifecycle.go:524.8,526.3 1 0
clawbench/internal/ai/acp_conn_prompt.go:24.126,26.15 2 0
clawbench/internal/ai/acp_conn_prompt.go:26.15,28.3 1 0
clawbench/internal/ai/acp_conn_prompt.go:31.2,42.33 10 0
clawbench/internal/ai/acp_conn_prompt.go:42.33,44.3 1 0
clawbench/internal/ai/acp_conn_prompt.go:47.2,47.19 1 0
clawbench/internal/ai/acp_conn_prompt.go:47.19,51.3 3 0
clawbench/internal/ai/acp_conn_prompt.go:56.2,61.30 2 0
clawbench/internal/ai/acp_conn_prompt.go:61.30,62.22 1 0
clawbench/internal/ai/acp_conn_prompt.go:62.22,63.12 1 0
clawbench/internal/ai/acp_conn_prompt.go:65.3,65.75 1 0
clawbench/internal/ai/acp_conn_prompt.go:65.75,67.4 1 0
clawbench/internal/ai/acp_conn_prompt.go:71.2,78.16 5 0
clawbench/internal/ai/acp_conn_prompt.go:78.16,79.23 1 0
clawbench/internal/ai/acp_conn_prompt.go:79.23,85.4 5 0
clawbench/internal/ai/acp_conn_prompt.go:87.3,87.19 1 0
clawbench/internal/ai/acp_conn_prompt.go:87.19,100.4 6 0
clawbench/internal/ai/acp_conn_prompt.go:102.3,104.44 2 0
clawbench/internal/ai/acp_conn_prompt.go:107.2,107.12 1 0
clawbench/internal/ai/acp_conn_prompt.go:113.113,114.49 1 0
clawbench/internal/ai/acp_conn_prompt.go:114.49,119.3 2 0
clawbench/internal/ai/acp_conn_prompt.go:121.2,130.18 5 0
clawbench/internal/ai/acp_conn_prompt.go:130.18,139.3 3 0
clawbench/internal/ai/acp_conn_prompt.go:141.2,144.62 2 0
clawbench/internal/ai/acp_conn_prompt.go:144.62,146.3 1 0
clawbench/internal/ai/acp_conn_prompt.go:148.2,148.12 1 0
clawbench/internal/ai/acp_conn_state.go:33.42,35.21 2 0
clawbench/internal/ai/acp_conn_state.go:35.21,38.3 2 0
clawbench/internal/ai/acp_conn_state.go:39.2,45.64 2 0
clawbench/internal/ai/acp_conn_state.go:45.64,47.4 1 0
clawbench/internal/ai/acp_conn_state.go:50.2,50.35 1 0
clawbench/internal/ai/acp_conn_state.go:56.46,58.23 2 0
clawbench/internal/ai/acp_conn_state.go:58.23,61.3 2 0
clawbench/internal/ai/acp_conn_state.go:62.2,68.64 2 0
clawbench/internal/ai/acp_conn_state.go:68.64,70.4 1 0
clawbench/internal/ai/acp_conn_state.go:73.2,73.34 1 0
clawbench/internal/ai/acp_conn_state.go:78.131,83.20 3 0
clawbench/internal/ai/acp_conn_state.go:83.20,84.66 1 0
clawbench/internal/ai/acp_conn_state.go:84.66,88.4 3 0
clawbench/internal/ai/acp_conn_state.go:88.9,90.4 1 0
clawbench/internal/ai/acp_conn_state.go:91.3,92.29 2 0
clawbench/internal/ai/acp_conn_state.go:92.29,94.4 1 0
clawbench/internal/ai/acp_conn_state.go:94.9,96.4 1 0
clawbench/internal/ai/acp_conn_state.go:97.3,97.75 1 0
clawbench/internal/ai/acp_conn_state.go:97.75,101.4 3 0
clawbench/internal/ai/acp_conn_state.go:101.9,103.4 1 0
clawbench/internal/ai/acp_conn_state.go:104.3,104.66 1 0
clawbench/internal/ai/acp_conn_state.go:104.66,108.4 3 0
clawbench/internal/ai/acp_conn_state.go:108.9,110.4 1 0
clawbench/internal/ai/acp_conn_state.go:111.8,112.79 1 0
clawbench/internal/ai/acp_conn_state.go:112.79,116.4 3 0
clawbench/internal/ai/acp_conn_state.go:116.9,118.4 1 0
clawbench/internal/ai/acp_conn_state.go:119.3,120.88 2 0
clawbench/internal/ai/acp_conn_state.go:120.88,123.4 2 0
clawbench/internal/ai/acp_conn_state.go:124.3,124.79 1 0
clawbench/internal/ai/acp_conn_state.go:124.79,127.4 2 0
clawbench/internal/ai/acp_conn_state.go:130.2,130.12 1 0
clawbench/internal/ai/acp_conn_state.go:136.89,143.22 5 0
clawbench/internal/ai/acp_conn_state.go:143.22,144.55 1 0
clawbench/internal/ai/acp_conn_state.go:144.55,146.4 1 0
clawbench/internal/ai/acp_conn_state.go:147.3,147.55 1 0
clawbench/internal/ai/acp_conn_state.go:147.55,149.4 1 0
clawbench/internal/ai/acp_conn_state.go:150.3,150.65 1 0
clawbench/internal/ai/acp_conn_state.go:150.65,152.4 1 0
clawbench/internal/ai/acp_conn_state.go:153.3,153.56 1 0
clawbench/internal/ai/acp_conn_state.go:153.56,155.4 1 0
clawbench/internal/ai/acp_conn_state.go:159.2,169.115 8 0
clawbench/internal/ai/acp_conn_state.go:175.65,179.84 3 0
clawbench/internal/ai/acp_conn_state.go:179.84,182.3 2 0
clawbench/internal/ai/acp_conn_state.go:183.2,183.108 1 0
clawbench/internal/ai/acp_conn_state.go:183.108,186.3 2 0
clawbench/internal/ai/acp_conn_state.go:187.2,187.100 1 0
clawbench/internal/ai/acp_conn_state.go:187.100,190.3 2 0
clawbench/internal/ai/acp_conn_state.go:194.61,197.20 3 0
clawbench/internal/ai/acp_conn_state.go:197.20,198.45 1 0
clawbench/internal/ai/acp_conn_state.go:198.45,200.27 2 0
clawbench/internal/ai/acp_conn_state.go:200.27,203.5 2 0
clawbench/internal/ai/acp_conn_state.go:206.2,206.20 1 0
clawbench/internal/ai/acp_conn_state.go:206.20,208.3 1 0
clawbench/internal/ai/acp_conn_state.go:209.2,209.99 1 0
clawbench/internal/ai/acp_conn_state.go:209.99,210.65 1 0
clawbench/internal/ai/acp_conn_state.go:210.65,212.4 1 0
clawbench/internal/ai/acp_conn_state.go:213.3,213.27 1 0
clawbench/internal/ai/acp_conn_state.go:215.2,215.75 1 0
clawbench/internal/ai/acp_conn_state.go:219.44,221.30 2 1
clawbench/internal/ai/acp_conn_state.go:221.30,223.3 1 1
clawbench/internal/ai/acp_conn_state.go:224.2,224.27 1 1
clawbench/internal/ai/acp_conn_state.go:224.27,226.3 1 1
clawbench/internal/ai/acp_conn_state.go:227.2,227.53 1 1
clawbench/internal/ai/acp_conn_state.go:227.53,228.81 1 1
clawbench/internal/ai/acp_conn_state.go:228.81,230.4 1 1
clawbench/internal/ai/acp_conn_state.go:232.2,232.44 1 1
clawbench/internal/ai/acp_conn_state.go:237.43,240.2 1 1
clawbench/internal/ai/acp_conn_state.go:244.44,246.30 2 1
clawbench/internal/ai/acp_conn_state.go:246.30,248.3 1 1
clawbench/internal/ai/acp_conn_state.go:249.2,249.53 1 1
clawbench/internal/ai/acp_conn_state.go:249.53,250.107 1 1
clawbench/internal/ai/acp_conn_state.go:250.107,252.4 1 1
clawbench/internal/ai/acp_conn_state.go:254.2,254.66 1 1
clawbench/internal/ai/acp_conn_state.go:259.44,261.30 2 1
clawbench/internal/ai/acp_conn_state.go:261.30,263.3 1 1
clawbench/internal/ai/acp_conn_state.go:264.2,264.85 1 1
clawbench/internal/ai/acp_conn_state.go:264.85,266.3 1 1
clawbench/internal/ai/acp_conn_state.go:267.2,267.63 1 1
clawbench/internal/ai/acp_conn_state.go:272.76,275.36 2 1
clawbench/internal/ai/acp_conn_state.go:275.36,277.3 1 1
clawbench/internal/ai/acp_conn_state.go:279.2,279.50 1 1
clawbench/internal/ai/acp_crash_diagnostics.go:27.43,29.21 2 1
clawbench/internal/ai/acp_crash_diagnostics.go:29.21,31.33 2 1
clawbench/internal/ai/acp_crash_diagnostics.go:31.33,33.4 1 1
clawbench/internal/ai/acp_crash_diagnostics.go:33.9,33.66 1 1
clawbench/internal/ai/acp_crash_diagnostics.go:33.66,35.4 1 1
clawbench/internal/ai/acp_crash_diagnostics.go:36.3,36.33 1 1
clawbench/internal/ai/acp_crash_diagnostics.go:38.2,38.18 1 1
clawbench/internal/ai/acp_crash_diagnostics.go:38.18,40.3 1 1
clawbench/internal/ai/acp_crash_diagnostics.go:41.2,41.21 1 1
clawbench/internal/ai/acp_crash_diagnostics.go:41.21,43.3 1 1
clawbench/internal/ai/acp_crash_diagnostics.go:44.2,44.19 1 1
clawbench/internal/ai/acp_crash_diagnostics.go:44.19,46.3 1 1
clawbench/internal/ai/acp_crash_diagnostics.go:47.2,47.19 1 1
clawbench/internal/ai/acp_crash_diagnostics.go:47.19,49.3 1 1
clawbench/internal/ai/acp_crash_diagnostics.go:50.2,50.24 1 1
clawbench/internal/ai/acp_crash_diagnostics.go:50.24,52.3 1 1
clawbench/internal/ai/acp_crash_diagnostics.go:53.2,53.21 1 1
clawbench/internal/ai/acp_crash_diagnostics.go:53.21,55.3 1 1
clawbench/internal/ai/acp_crash_diagnostics.go:56.2,56.47 1 1
clawbench/internal/ai/acp_crash_diagnostics.go:61.38,62.14 1 1
clawbench/internal/ai/acp_crash_diagnostics.go:63.9,64.25 1 1
clawbench/internal/ai/acp_crash_diagnostics.go:65.11,66.46 1 1
clawbench/internal/ai/acp_crash_diagnostics.go:67.11,68.29 1 1
clawbench/internal/ai/acp_crash_diagnostics.go:69.11,70.33 1 1
clawbench/internal/ai/acp_crash_diagnostics.go:71.11,72.18 1 1
clawbench/internal/ai/acp_crash_diagnostics.go:73.11,74.27 1 1
clawbench/internal/ai/acp_crash_diagnostics.go:75.11,76.41 1 1
clawbench/internal/ai/acp_crash_diagnostics.go:77.11,78.40 1 1
clawbench/internal/ai/acp_crash_diagnostics.go:79.11,80.33 1 1
clawbench/internal/ai/acp_crash_diagnostics.go:81.11,82.19 1 1
clawbench/internal/ai/acp_crash_diagnostics.go:83.10,84.17 1 1
clawbench/internal/ai/acp_crash_diagnostics.go:84.17,87.4 2 1
clawbench/internal/ai/acp_crash_diagnostics.go:88.3,88.12 1 1
clawbench/internal/ai/acp_crash_diagnostics.go:94.62,104.25 7 0
clawbench/internal/ai/acp_crash_diagnostics.go:104.25,106.3 1 0
clawbench/internal/ai/acp_crash_diagnostics.go:109.2,109.17 1 0
clawbench/internal/ai/acp_crash_diagnostics.go:109.17,110.10 1 0
clawbench/internal/ai/acp_crash_diagnostics.go:111.22,112.25 1 0
clawbench/internal/ai/acp_crash_diagnostics.go:113.11,114.24 1 0
clawbench/internal/ai/acp_crash_diagnostics.go:118.2,118.38 1 0
clawbench/internal/ai/acp_crash_diagnostics.go:118.38,120.3 1 0
clawbench/internal/ai/acp_crash_diagnostics.go:125.2,127.73 3 0
clawbench/internal/ai/acp_crash_diagnostics.go:127.73,129.3 1 0
clawbench/internal/ai/acp_crash_diagnostics.go:134.2,134.26 1 0
clawbench/internal/ai/acp_crash_diagnostics.go:134.26,135.51 1 0
clawbench/internal/ai/acp_crash_diagnostics.go:135.51,137.4 1 0
clawbench/internal/ai/acp_crash_diagnostics.go:140.2,140.27 1 0
clawbench/internal/ai/acp_crash_diagnostics.go:140.27,143.62 2 0
clawbench/internal/ai/acp_crash_diagnostics.go:143.62,144.21 1 0
clawbench/internal/ai/acp_crash_diagnostics.go:144.21,146.5 1 0
clawbench/internal/ai/acp_crash_diagnostics.go:151.2,152.18 2 0
clawbench/internal/ai/acp_crash_diagnostics.go:152.18,153.52 1 0
clawbench/internal/ai/acp_crash_diagnostics.go:153.52,155.26 2 0
clawbench/internal/ai/acp_crash_diagnostics.go:155.26,157.5 1 0
clawbench/internal/ai/acp_crash_diagnostics.go:158.4,158.28 1 0
clawbench/internal/ai/acp_crash_diagnostics.go:161.2,163.13 2 0
clawbench/internal/ai/acp_crash_diagnostics.go:168.65,170.16 2 1
clawbench/internal/ai/acp_crash_diagnostics.go:170.16,172.3 1 1
clawbench/internal/ai/acp_crash_diagnostics.go:173.2,173.57 1 0
clawbench/internal/ai/acp_crash_diagnostics.go:173.57,174.55 1 0
clawbench/internal/ai/acp_crash_diagnostics.go:174.55,176.4 1 0
clawbench/internal/ai/acp_crash_diagnostics.go:176.9,176.63 1 0
clawbench/internal/ai/acp_crash_diagnostics.go:176.63,178.4 1 0
clawbench/internal/ai/acp_crash_diagnostics.go:180.2,180.27 1 0
clawbench/internal/ai/acp_debounce.go:37.84,43.2 1 0
clawbench/internal/ai/acp_debounce.go:47.86,52.42 3 0
clawbench/internal/ai/acp_debounce.go:52.42,56.3 3 0
clawbench/internal/ai/acp_debounce.go:58.2,61.47 3 0
clawbench/internal/ai/acp_debounce.go:61.47,64.26 2 0
clawbench/internal/ai/acp_debounce.go:64.26,66.4 1 0
clawbench/internal/ai/acp_debounce.go:68.3,68.14 1 0
clawbench/internal/ai/acp_debounce.go:72.2,75.25 2 0
clawbench/internal/ai/acp_debounce.go:75.25,77.3 1 0
clawbench/internal/ai/acp_debounce.go:78.2,80.62 2 0
clawbench/internal/ai/acp_debounce.go:80.62,82.3 1 0
clawbench/internal/ai/acp_debounce.go:83.2,83.13 1 0
clawbench/internal/ai/acp_debounce.go:88.74,90.2 1 0
clawbench/internal/ai/acp_debounce.go:93.60,96.9 3 0
clawbench/internal/ai/acp_debounce.go:96.9,99.3 2 0
clawbench/internal/ai/acp_debounce.go:100.2,103.26 3 0
clawbench/internal/ai/acp_debounce.go:103.26,105.3 1 0
clawbench/internal/ai/acp_debounce.go:106.2,106.38 1 0
clawbench/internal/ai/acp_debounce.go:110.40,113.30 3 0
clawbench/internal/ai/acp_debounce.go:113.30,115.3 1 0
clawbench/internal/ai/acp_debounce.go:116.2,119.35 3 0
clawbench/internal/ai/acp_debounce.go:119.35,120.27 1 0
clawbench/internal/ai/acp_debounce.go:120.27,122.4 1 0
clawbench/internal/ai/acp_debounce.go:123.3,123.39 1 0
clawbench/internal/ai/acp_events.go:18.135,22.54 1 0
clawbench/internal/ai/acp_events.go:22.54,24.3 1 0
clawbench/internal/ai/acp_events.go:26.2,26.9 1 0
clawbench/internal/ai/acp_events.go:27.39,32.26 3 0
clawbench/internal/ai/acp_events.go:32.26,34.4 1 0
clawbench/internal/ai/acp_events.go:36.39,38.26 2 0
clawbench/internal/ai/acp_events.go:38.26,40.4 1 0
clawbench/internal/ai/acp_events.go:42.30,48.17 3 0
clawbench/internal/ai/acp_events.go:48.17,50.4 1 0
clawbench/internal/ai/acp_events.go:51.3,52.29 2 0
clawbench/internal/ai/acp_events.go:54.36,61.17 2 0
clawbench/internal/ai/acp_events.go:61.17,63.16 2 0
clawbench/internal/ai/acp_events.go:63.16,66.79 1 0
clawbench/internal/ai/acp_events.go:66.79,67.25 1 0
clawbench/internal/ai/acp_events.go:68.65,69.62 1 0
clawbench/internal/ai/acp_events.go:72.5,72.10 1 0
clawbench/internal/ai/acp_events.go:76.4,76.78 1 0
clawbench/internal/ai/acp_events.go:76.78,77.24 1 0
clawbench/internal/ai/acp_events.go:78.64,79.61 1 0
clawbench/internal/ai/acp_events.go:82.4,82.9 1 0
clawbench/internal/ai/acp_events.go:86.3,93.77 3 0
clawbench/internal/ai/acp_events.go:93.77,94.23 1 0
clawbench/internal/ai/acp_events.go:95.63,96.60 1 0
clawbench/internal/ai/acp_events.go:99.26,101.41 2 0
clawbench/internal/ai/acp_events.go:101.41,107.4 1 0
clawbench/internal/ai/acp_events.go:108.3,110.18 3 0
clawbench/internal/ai/acp_events.go:110.18,112.4 1 0
clawbench/internal/ai/acp_events.go:114.45,118.26 4 0
clawbench/internal/ai/acp_events.go:118.26,123.53 2 0
clawbench/internal/ai/acp_events.go:123.53,125.5 1 0
clawbench/internal/ai/acp_events.go:126.4,126.31 1 0
clawbench/internal/ai/acp_events.go:129.3,129.18 1 0
clawbench/internal/ai/acp_events.go:129.18,131.21 2 0
clawbench/internal/ai/acp_events.go:131.21,133.5 1 0
clawbench/internal/ai/acp_events.go:135.3,138.5 1 0
clawbench/internal/ai/acp_events.go:140.39,147.18 3 0
clawbench/internal/ai/acp_events.go:147.18,148.93 1 0
clawbench/internal/ai/acp_events.go:148.93,154.5 1 0
clawbench/internal/ai/acp_events.go:154.10,155.43 1 0
clawbench/internal/ai/acp_events.go:155.43,158.92 2 0
clawbench/internal/ai/acp_events.go:158.92,160.7 1 0
clawbench/internal/ai/acp_events.go:161.11,163.6 1 0
clawbench/internal/ai/acp_events.go:165.9,170.4 1 0
clawbench/internal/ai/acp_events.go:172.40,175.40 2 0
clawbench/internal/ai/acp_events.go:175.40,176.25 1 0
clawbench/internal/ai/acp_events.go:176.25,177.13 1 0
clawbench/internal/ai/acp_events.go:179.4,180.27 2 0
clawbench/internal/ai/acp_events.go:180.27,181.13 1 0
clawbench/internal/ai/acp_events.go:184.4,184.25 1 0
clawbench/internal/ai/acp_events.go:185.45,187.20 2 0
clawbench/internal/ai/acp_events.go:187.20,194.33 6 0
clawbench/internal/ai/acp_events.go:194.33,196.7 1 0
clawbench/internal/ai/acp_events.go:198.6,199.24 2 0
clawbench/internal/ai/acp_events.go:199.24,200.19 1 0
clawbench/internal/ai/acp_events.go:200.19,205.8 2 0
clawbench/internal/ai/acp_events.go:205.13,205.29 1 0
clawbench/internal/ai/acp_events.go:205.29,209.95 1 0
clawbench/internal/ai/acp_events.go:209.95,212.9 1 0
clawbench/internal/ai/acp_events.go:212.14,214.9 1 0
clawbench/internal/ai/acp_events.go:217.11,219.6 1 0
clawbench/internal/ai/acp_events.go:221.53,223.27 2 0
clawbench/internal/ai/acp_events.go:223.27,224.21 1 0
clawbench/internal/ai/acp_events.go:224.21,228.83 3 0
clawbench/internal/ai/acp_events.go:228.83,232.8 2 0
clawbench/internal/ai/acp_events.go:233.7,233.71 1 0
clawbench/internal/ai/acp_events.go:234.12,236.7 1 0
clawbench/internal/ai/acp_events.go:239.46,241.25 2 0
clawbench/internal/ai/acp_events.go:241.25,242.21 1 0
clawbench/internal/ai/acp_events.go:242.21,246.63 3 0
clawbench/internal/ai/acp_events.go:246.63,250.8 2 0
clawbench/internal/ai/acp_events.go:251.7,251.46 1 0
clawbench/internal/ai/acp_events.go:252.12,254.7 1 0
clawbench/internal/ai/acp_events.go:259.39,260.41 1 0
clawbench/internal/ai/acp_events.go:262.33,263.100 1 0
clawbench/internal/ai/acp_events.go:268.63,276.24 2 0
clawbench/internal/ai/acp_events.go:276.24,277.63 1 0
clawbench/internal/ai/acp_events.go:277.63,286.22 2 0
clawbench/internal/ai/acp_events.go:286.22,288.5 1 0
clawbench/internal/ai/acp_events.go:288.10,290.5 1 0
clawbench/internal/ai/acp_events.go:292.8,292.32 1 0
clawbench/internal/ai/acp_events.go:292.32,296.19 2 0
clawbench/internal/ai/acp_events.go:296.19,297.58 1 0
clawbench/internal/ai/acp_events.go:297.58,299.5 1 0
clawbench/internal/ai/acp_events.go:306.2,306.74 1 0
clawbench/internal/ai/acp_events.go:306.74,308.57 2 0
clawbench/internal/ai/acp_events.go:308.57,310.4 1 0
clawbench/internal/ai/acp_events.go:316.2,316.22 1 0
clawbench/internal/ai/acp_events.go:316.22,317.119 1 0
clawbench/internal/ai/acp_events.go:317.119,318.58 1 0
clawbench/internal/ai/acp_events.go:318.58,320.5 1 0
clawbench/internal/ai/acp_events.go:324.2,324.50 1 0
clawbench/internal/ai/acp_events.go:330.75,332.31 2 0
clawbench/internal/ai/acp_events.go:332.31,333.24 1 0
clawbench/internal/ai/acp_events.go:333.24,336.22 1 0
clawbench/internal/ai/acp_events.go:336.22,338.5 1 0
clawbench/internal/ai/acp_events.go:339.4,339.16 1 0
clawbench/internal/ai/acp_events.go:341.3,341.23 1 0
clawbench/internal/ai/acp_events.go:341.23,344.44 2 0
clawbench/internal/ai/acp_events.go:344.44,346.5 1 0
clawbench/internal/ai/acp_events.go:349.2,349.21 1 0
clawbench/internal/ai/acp_events.go:349.21,351.3 1 0
clawbench/internal/ai/acp_events.go:352.2,352.14 1 0
clawbench/internal/ai/acp_events.go:357.82,359.32 2 0
clawbench/internal/ai/acp_events.go:359.32,360.24 1 0
clawbench/internal/ai/acp_events.go:360.24,362.44 1 0
clawbench/internal/ai/acp_events.go:362.44,364.5 1 0
clawbench/internal/ai/acp_events.go:365.4,365.16 1 0
clawbench/internal/ai/acp_events.go:367.3,367.23 1 0
clawbench/internal/ai/acp_events.go:367.23,369.44 2 0
clawbench/internal/ai/acp_events.go:369.44,371.5 1 0
clawbench/internal/ai/acp_events.go:374.2,374.21 1 0
clawbench/internal/ai/acp_events.go:374.21,376.3 1 0
clawbench/internal/ai/acp_events.go:377.2,377.14 1 0
clawbench/internal/ai/acp_events.go:390.141,393.14 2 0
clawbench/internal/ai/acp_events.go:394.24,396.25 1 0
clawbench/internal/ai/acp_events.go:396.25,398.4 1 0
clawbench/internal/ai/acp_events.go:398.9,398.25 1 0
clawbench/internal/ai/acp_events.go:398.25,401.4 1 0
clawbench/internal/ai/acp_events.go:402.26,405.61 2 0
clawbench/internal/ai/acp_events.go:405.61,407.4 1 0
clawbench/internal/ai/acp_events.go:408.3,408.17 1 0
clawbench/internal/ai/acp_events.go:409.15,410.19 1 0
clawbench/internal/ai/acp_events.go:410.19,412.5 1 0
clawbench/internal/ai/acp_events.go:413.45,414.19 1 0
clawbench/internal/ai/acp_events.go:414.19,416.5 1 0
clawbench/internal/ai/acp_events.go:417.11,419.19 1 0
clawbench/internal/ai/acp_events.go:419.19,421.5 1 0
clawbench/internal/ai/acp_events.go:423.24,425.25 1 0
clawbench/internal/ai/acp_events.go:425.25,427.4 1 0
clawbench/internal/ai/acp_events.go:430.2,430.21 1 0
clawbench/internal/ai/acp_events.go:430.21,432.3 1 0
clawbench/internal/ai/acp_events.go:433.2,433.14 1 0
clawbench/internal/ai/acp_events.go:437.70,450.15 5 0
clawbench/internal/ai/acp_events.go:450.15,452.3 1 0
clawbench/internal/ai/acp_events.go:455.2,456.15 2 0
clawbench/internal/ai/acp_events.go:456.15,458.3 1 0
clawbench/internal/ai/acp_events.go:460.2,464.49 2 0
clawbench/internal/ai/acp_events.go:468.68,469.19 1 0
clawbench/internal/ai/acp_events.go:469.19,471.3 1 0
clawbench/internal/ai/acp_events.go:472.2,472.17 1 0
clawbench/internal/ai/acp_events.go:473.35,475.26 2 0
clawbench/internal/ai/acp_events.go:476.32,478.24 2 0
clawbench/internal/ai/acp_events.go:479.63,480.20 1 0
clawbench/internal/ai/acp_events.go:485.70,486.25 1 0
clawbench/internal/ai/acp_events.go:486.25,487.94 1 0
clawbench/internal/ai/acp_events.go:487.94,496.22 2 0
clawbench/internal/ai/acp_events.go:496.22,498.5 1 0
clawbench/internal/ai/acp_events.go:498.10,500.5 1 0
clawbench/internal/ai/acp_events.go:502.3,502.9 1 0
clawbench/internal/ai/acp_events.go:508.2,508.57 1 0
clawbench/internal/ai/acp_events.go:508.57,511.3 2 0
clawbench/internal/ai/acp_events.go:514.2,514.42 1 0
clawbench/internal/ai/acp_events.go:518.81,519.42 1 0
clawbench/internal/ai/acp_events.go:519.42,521.57 2 0
clawbench/internal/ai/acp_events.go:521.57,523.4 1 0
clawbench/internal/ai/acp_events.go:524.3,524.9 1 0
clawbench/internal/ai/acp_events.go:527.2,527.32 1 0
clawbench/internal/ai/acp_events.go:527.32,528.24 1 0
clawbench/internal/ai/acp_events.go:528.24,530.44 2 0
clawbench/internal/ai/acp_events.go:530.44,532.5 1 0
clawbench/internal/ai/acp_events.go:533.4,533.76 1 0
clawbench/internal/ai/acp_events.go:533.76,535.5 1 0
clawbench/internal/ai/acp_events.go:536.4,536.9 1 0
clawbench/internal/ai/acp_events.go:542.83,543.22 1 0
clawbench/internal/ai/acp_events.go:543.22,545.3 1 0
clawbench/internal/ai/acp_events.go:546.2,547.22 2 0
clawbench/internal/ai/acp_events.go:547.22,549.3 1 0
clawbench/internal/ai/acp_events.go:550.2,551.21 2 0
clawbench/internal/ai/acp_events.go:551.21,553.3 1 0
clawbench/internal/ai/acp_events.go:554.2,554.114 1 0
clawbench/internal/ai/acp_events.go:554.114,555.57 1 0
clawbench/internal/ai/acp_events.go:555.57,557.4 1 0
clawbench/internal/ai/acp_events.go:562.69,563.55 1 0
clawbench/internal/ai/acp_events.go:563.55,565.3 1 0
clawbench/internal/ai/acp_events.go:573.2,573.64 1 0
clawbench/internal/ai/acp_events.go:573.64,575.3 1 0
clawbench/internal/ai/acp_events.go:576.2,577.21 2 0
clawbench/internal/ai/acp_events.go:577.21,579.3 1 0
clawbench/internal/ai/acp_events.go:580.2,580.71 1 0
clawbench/internal/ai/acp_events.go:584.71,585.26 1 0
clawbench/internal/ai/acp_events.go:585.26,587.3 1 0
clawbench/internal/ai/acp_events.go:587.8,587.33 1 0
clawbench/internal/ai/acp_events.go:587.33,589.3 1 0
clawbench/internal/ai/acp_events.go:596.77,598.29 2 0
clawbench/internal/ai/acp_events.go:598.29,599.23 1 0
clawbench/internal/ai/acp_events.go:599.23,601.44 2 0
clawbench/internal/ai/acp_events.go:601.44,603.5 1 0
clawbench/internal/ai/acp_events.go:607.2,607.34 1 0
clawbench/internal/ai/acp_events.go:614.49,616.37 1 0
clawbench/internal/ai/acp_events.go:616.37,618.3 1 0
clawbench/internal/ai/acp_events.go:621.2,621.31 1 0
clawbench/internal/ai/acp_events.go:622.12,623.30 1 0
clawbench/internal/ai/acp_events.go:624.43,625.30 1 0
clawbench/internal/ai/acp_events.go:629.2,629.45 1 0
clawbench/internal/ai/acp_events.go:629.45,631.3 1 0
clawbench/internal/ai/acp_events.go:634.2,634.38 1 0
clawbench/internal/ai/acp_events.go:634.38,636.3 1 0
clawbench/internal/ai/acp_events.go:639.2,639.71 1 0
clawbench/internal/ai/acp_events.go:639.71,641.3 1 0
clawbench/internal/ai/acp_events.go:642.2,642.37 1 0
clawbench/internal/ai/acp_events.go:657.48,659.43 1 0
clawbench/internal/ai/acp_events.go:659.43,660.42 1 0
clawbench/internal/ai/acp_events.go:660.42,661.27 1 0
clawbench/internal/ai/acp_events.go:662.16,663.16 1 0
clawbench/internal/ai/acp_events.go:663.16,665.25 1 0
clawbench/internal/ai/acp_events.go:665.25,666.42 1 0
clawbench/internal/ai/acp_events.go:666.42,667.53 1 0
clawbench/internal/ai/acp_events.go:667.53,669.9 1 0
clawbench/internal/ai/acp_events.go:672.6,672.14 1 0
clawbench/internal/ai/acp_events.go:674.31,676.66 1 0
clawbench/internal/ai/acp_events.go:676.66,678.6 1 0
clawbench/internal/ai/acp_events.go:679.12,680.35 1 0
clawbench/internal/ai/acp_events.go:680.35,682.6 1 0
clawbench/internal/ai/acp_events.go:688.2,688.51 1 0
clawbench/internal/ai/acp_events.go:688.51,689.29 1 0
clawbench/internal/ai/acp_events.go:690.15,691.12 1 0
clawbench/internal/ai/acp_events.go:692.23,693.37 1 0
clawbench/internal/ai/acp_events.go:693.37,695.5 1 0
clawbench/internal/ai/acp_events.go:697.3,697.35 1 0
clawbench/internal/ai/acp_events.go:701.2,701.63 1 0
clawbench/internal/ai/acp_events.go:701.63,703.3 1 0
clawbench/internal/ai/acp_events.go:704.2,704.29 1 0
clawbench/internal/ai/acp_events.go:708.43,712.27 3 0
clawbench/internal/ai/acp_events.go:712.27,713.33 1 0
clawbench/internal/ai/acp_events.go:713.33,715.4 1 0
clawbench/internal/ai/acp_events.go:715.9,717.9 2 0
clawbench/internal/ai/acp_events.go:720.2,720.34 1 0
clawbench/internal/ai/acp_events.go:720.34,722.3 1 0
clawbench/internal/ai/acp_events.go:725.2,725.65 1 0
clawbench/internal/ai/acp_events.go:725.65,727.3 1 0
clawbench/internal/ai/acp_events.go:728.2,728.31 1 0
clawbench/internal/ai/acp_events.go:732.56,734.14 2 0
clawbench/internal/ai/acp_events.go:735.14,736.28 1 0
clawbench/internal/ai/acp_events.go:737.22,738.28 1 0
clawbench/internal/ai/acp_events.go:739.14,740.29 1 0
clawbench/internal/ai/acp_events.go:741.14,742.29 1 0
clawbench/internal/ai/acp_events.go:743.14,744.31 1 0
clawbench/internal/ai/acp_events.go:745.14,746.31 1 0
clawbench/internal/ai/acp_events.go:748.2,752.3 1 0
clawbench/internal/ai/acp_events.go:757.64,758.9 1 0
clawbench/internal/ai/acp_events.go:759.19,759.19 0 0
clawbench/internal/ai/acp_events.go:760.10,762.76 1 0
clawbench/internal/ai/acp_events.go:768.82,770.2 1 0
clawbench/internal/ai/acp_globals.go:11.61,13.2 1 1
clawbench/internal/ai/acp_globals.go:17.70,19.2 1 1
clawbench/internal/ai/acp_globals.go:23.60,25.2 1 1
clawbench/internal/ai/acp_globals.go:29.62,31.2 1 1
clawbench/internal/ai/acp_globals.go:35.72,35.73 0 0
clawbench/internal/ai/acp_globals.go:40.83,42.2 1 1
clawbench/internal/ai/acp_pool.go:34.54,36.19 2 1
clawbench/internal/ai/acp_pool.go:36.19,38.3 1 1
clawbench/internal/ai/acp_pool.go:39.2,39.47 1 1
clawbench/internal/ai/acp_pool.go:39.47,41.3 1 1
clawbench/internal/ai/acp_pool.go:42.2,42.10 1 1
clawbench/internal/ai/acp_pool.go:46.57,46.78 1 1
clawbench/internal/ai/acp_pool.go:49.54,49.72 1 1
clawbench/internal/ai/acp_pool.go:52.62,54.2 1 1
clawbench/internal/ai/acp_pool.go:57.93,59.2 1 1
clawbench/internal/ai/acp_pool.go:63.47,66.2 2 1
clawbench/internal/ai/acp_pool.go:100.42,101.30 1 0
clawbench/internal/ai/acp_pool.go:101.30,107.3 2 0
clawbench/internal/ai/acp_pool.go:108.2,108.22 1 0
clawbench/internal/ai/acp_pool.go:113.36,118.33 3 0
clawbench/internal/ai/acp_pool.go:118.33,121.3 2 0
clawbench/internal/ai/acp_pool.go:122.2,122.15 1 0
clawbench/internal/ai/acp_pool.go:129.38,133.6 3 0
clawbench/internal/ai/acp_pool.go:133.6,134.10 1 0
clawbench/internal/ai/acp_pool.go:135.22,136.10 1 0
clawbench/internal/ai/acp_pool.go:137.19,138.17 1 0
clawbench/internal/ai/acp_pool.go:144.38,149.33 4 0
clawbench/internal/ai/acp_pool.go:149.33,155.13 5 0
clawbench/internal/ai/acp_pool.go:155.13,156.12 1 0
clawbench/internal/ai/acp_pool.go:158.3,158.29 1 0
clawbench/internal/ai/acp_pool.go:158.29,159.12 1 0
clawbench/internal/ai/acp_pool.go:162.3,162.59 1 0
clawbench/internal/ai/acp_pool.go:162.59,163.12 1 0
clawbench/internal/ai/acp_pool.go:165.3,165.33 1 0
clawbench/internal/ai/acp_pool.go:167.2,169.30 2 0
clawbench/internal/ai/acp_pool.go:169.30,174.10 4 0
clawbench/internal/ai/acp_pool.go:174.10,175.12 1 0
clawbench/internal/ai/acp_pool.go:181.3,186.13 5 0
clawbench/internal/ai/acp_pool.go:186.13,187.12 1 0
clawbench/internal/ai/acp_pool.go:189.3,189.29 1 0
clawbench/internal/ai/acp_pool.go:189.29,190.12 1 0
clawbench/internal/ai/acp_pool.go:192.3,192.59 1 0
clawbench/internal/ai/acp_pool.go:192.59,193.12 1 0
clawbench/internal/ai/acp_pool.go:197.3,199.9 3 0
clawbench/internal/ai/acp_pool.go:199.9,201.4 1 0
clawbench/internal/ai/acp_pool.go:202.3,204.9 2 0
clawbench/internal/ai/acp_pool.go:204.9,207.4 2 0
clawbench/internal/ai/acp_pool.go:214.83,216.2 1 0
clawbench/internal/ai/acp_pool.go:224.101,232.9 4 0
clawbench/internal/ai/acp_pool.go:232.9,235.3 2 0
clawbench/internal/ai/acp_pool.go:236.2,238.50 2 0
clawbench/internal/ai/acp_pool.go:238.50,242.57 3 0
clawbench/internal/ai/acp_pool.go:242.57,244.4 1 0
clawbench/internal/ai/acp_pool.go:245.3,246.13 2 0
clawbench/internal/ai/acp_pool.go:248.2,248.13 1 0
clawbench/internal/ai/acp_pool.go:255.133,258.9 3 0
clawbench/internal/ai/acp_pool.go:258.9,262.88 2 0
clawbench/internal/ai/acp_pool.go:262.88,266.4 2 0
clawbench/internal/ai/acp_pool.go:267.3,267.31 1 0
clawbench/internal/ai/acp_pool.go:269.2,272.16 3 0
clawbench/internal/ai/acp_pool.go:272.16,274.3 1 0
clawbench/internal/ai/acp_pool.go:275.2,275.25 1 0
clawbench/internal/ai/acp_pool.go:282.148,285.9 3 0
clawbench/internal/ai/acp_pool.go:285.9,288.3 2 0
clawbench/internal/ai/acp_pool.go:289.2,296.16 6 0
clawbench/internal/ai/acp_pool.go:296.16,298.3 1 0
clawbench/internal/ai/acp_pool.go:299.2,299.18 1 0
clawbench/internal/ai/acp_pool.go:304.64,308.2 3 0
clawbench/internal/ai/acp_pool.go:312.68,315.31 3 0
clawbench/internal/ai/acp_pool.go:315.31,319.14 4 0
clawbench/internal/ai/acp_pool.go:319.14,321.4 1 0
clawbench/internal/ai/acp_pool.go:323.2,323.12 1 0
clawbench/internal/ai/acp_pool.go:327.58,332.17 4 0
clawbench/internal/ai/acp_pool.go:332.17,336.3 3 0
clawbench/internal/ai/acp_pool.go:340.57,343.8 3 0
clawbench/internal/ai/acp_pool.go:343.8,345.3 1 0
clawbench/internal/ai/acp_pool.go:346.2,348.8 2 0
clawbench/internal/ai/acp_pool.go:348.8,350.3 1 0
clawbench/internal/ai/acp_pool.go:355.56,360.8 4 0
clawbench/internal/ai/acp_pool.go:360.8,364.3 3 0
clawbench/internal/ai/acp_pool.go:379.91,384.17 4 0
clawbench/internal/ai/acp_pool.go:384.17,386.3 1 0
clawbench/internal/ai/acp_pool.go:388.2,388.24 1 0
clawbench/internal/ai/acp_pool.go:388.24,390.3 1 0
clawbench/internal/ai/acp_pool.go:391.2,396.23 6 0
clawbench/internal/ai/acp_pool.go:396.23,398.3 1 0
clawbench/internal/ai/acp_pool.go:399.2,401.19 2 0
clawbench/internal/ai/acp_pool.go:401.19,403.3 1 0
clawbench/internal/ai/acp_pool.go:405.2,413.3 2 0
clawbench/internal/ai/acp_pool.go:418.81,421.44 3 0
clawbench/internal/ai/acp_pool.go:421.44,423.3 1 0
clawbench/internal/ai/acp_pool.go:424.2,430.3 1 0
clawbench/internal/ai/acp_pool.go:434.86,436.2 1 0
clawbench/internal/ai/acp_pool.go:440.81,444.33 3 0
clawbench/internal/ai/acp_pool.go:444.33,447.14 3 0
clawbench/internal/ai/acp_pool.go:447.14,451.4 3 0
clawbench/internal/ai/acp_pool.go:452.3,452.19 1 0
clawbench/internal/ai/acp_pool.go:454.2,454.12 1 0
clawbench/internal/ai/acp_pool.go:458.77,462.2 3 0
clawbench/internal/ai/acp_pool.go:466.62,469.33 3 0
clawbench/internal/ai/acp_pool.go:469.33,470.52 1 0
clawbench/internal/ai/acp_pool.go:470.52,473.4 2 0
clawbench/internal/ai/acp_pool.go:475.2,476.31 2 0
clawbench/internal/ai/acp_pool.go:476.31,478.3 1 0
clawbench/internal/ai/acp_pool.go:483.73,488.33 4 0
clawbench/internal/ai/acp_pool.go:488.33,489.25 1 0
clawbench/internal/ai/acp_pool.go:489.25,490.12 1 0
clawbench/internal/ai/acp_pool.go:492.3,492.25 1 0
clawbench/internal/ai/acp_pool.go:492.25,493.32 1 0
clawbench/internal/ai/acp_pool.go:493.32,494.54 1 0
clawbench/internal/ai/acp_pool.go:494.54,495.37 1 0
clawbench/internal/ai/acp_pool.go:495.37,497.7 1 0
clawbench/internal/ai/acp_pool.go:499.5,499.28 1 0
clawbench/internal/ai/acp_pool.go:502.3,502.19 1 0
clawbench/internal/ai/acp_pool.go:504.2,504.15 1 0
clawbench/internal/ai/acp_pool.go:576.67,583.2 1 1
clawbench/internal/ai/acp_pool.go:590.35,594.2 3 1
clawbench/internal/ai/acp_pool.go:597.36,600.20 3 1
clawbench/internal/ai/acp_pool.go:600.20,602.3 1 1
clawbench/internal/ai/acp_pool.go:603.2,603.11 1 0
clawbench/internal/ai/acp_pool.go:607.34,611.2 3 1
clawbench/internal/ai/acp_pool.go:614.51,618.2 3 0
clawbench/internal/ai/acp_pool.go:621.71,627.2 5 0
clawbench/internal/ai/acp_pool.go:630.77,636.2 5 0
clawbench/internal/ai/acp_pool.go:639.73,645.2 5 0
clawbench/internal/ai/acp_pool.go:649.44,651.2 1 0
clawbench/internal/ai/acp_pool.go:654.45,658.2 3 1
clawbench/internal/ai/acp_pool.go:661.51,665.2 3 1
clawbench/internal/ai/acp_pool.go:668.55,672.2 3 1
clawbench/internal/ai/acp_pool.go:675.63,679.2 3 1
clawbench/internal/ai/acp_pool.go:682.46,686.2 3 1
clawbench/internal/ai/acp_pool.go:689.53,693.2 3 1
clawbench/internal/ai/acp_pool.go:696.56,700.2 3 0
clawbench/internal/ai/acp_pool.go:703.51,707.2 3 0
clawbench/internal/ai/acp_pool.go:710.48,714.2 3 0
clawbench/internal/ai/acp_pool.go:717.40,721.2 3 0
clawbench/internal/ai/acp_pool.go:724.61,728.2 3 1
clawbench/internal/ai/acp_pool.go:732.64,735.67 3 1
clawbench/internal/ai/acp_pool.go:735.67,737.3 1 0
clawbench/internal/ai/acp_pool.go:738.2,738.18 1 1
clawbench/internal/ai/acp_pool.go:739.15,740.33 1 1
clawbench/internal/ai/acp_pool.go:741.24,742.34 1 1
clawbench/internal/ai/acp_pool.go:743.14,744.32 1 1
clawbench/internal/ai/acp_pool.go:746.2,746.13 1 1
clawbench/internal/ai/acp_pool.go:750.57,753.18 3 1
clawbench/internal/ai/acp_pool.go:754.15,755.25 1 1
clawbench/internal/ai/acp_pool.go:756.24,757.26 1 0
clawbench/internal/ai/acp_pool.go:758.14,759.24 1 1
clawbench/internal/ai/acp_pool.go:764.40,771.2 6 1
clawbench/internal/ai/acp_pool.go:773.60,777.2 3 0
clawbench/internal/ai/acp_pool.go:779.58,783.2 3 0
clawbench/internal/ai/acp_pool.go:785.70,789.2 3 0
clawbench/internal/ai/acp_pool.go:793.56,794.18 1 0
clawbench/internal/ai/acp_pool.go:794.18,796.3 1 0
clawbench/internal/ai/acp_pool.go:797.2,800.20 4 0
clawbench/internal/ai/acp_pool.go:800.20,802.3 1 0
clawbench/internal/ai/acp_pool.go:803.2,804.52 2 0
clawbench/internal/ai/acp_pool.go:804.52,806.3 1 0
clawbench/internal/ai/acp_pool.go:810.66,811.18 1 0
clawbench/internal/ai/acp_pool.go:811.18,813.3 1 0
clawbench/internal/ai/acp_pool.go:814.2,816.20 3 0
clawbench/internal/ai/acp_pool.go:816.20,818.3 1 0
clawbench/internal/ai/acp_pool.go:819.2,820.19 2 0
clawbench/internal/ai/acp_pool.go:820.19,822.63 2 0
clawbench/internal/ai/acp_pool.go:822.63,823.101 1 0
clawbench/internal/ai/acp_pool.go:823.101,826.30 3 0
clawbench/internal/ai/acp_pool.go:826.30,828.6 1 0
clawbench/internal/ai/acp_pool.go:829.5,829.18 1 0
clawbench/internal/ai/acp_pool.go:837.76,838.18 1 0
clawbench/internal/ai/acp_pool.go:838.18,840.3 1 0
clawbench/internal/ai/acp_pool.go:841.2,844.20 4 0
clawbench/internal/ai/acp_pool.go:844.20,846.3 1 0
clawbench/internal/ai/acp_pool.go:847.2,848.53 2 0
clawbench/internal/ai/acp_pool.go:848.53,850.3 1 0
clawbench/internal/ai/acp_pool.go:855.66,856.18 1 0
clawbench/internal/ai/acp_pool.go:856.18,858.3 1 0
clawbench/internal/ai/acp_pool.go:859.2,862.20 4 0
clawbench/internal/ai/acp_pool.go:862.20,864.3 1 0
clawbench/internal/ai/acp_pool.go:865.2,866.44 2 0
clawbench/internal/ai/acp_pool.go:866.44,868.3 1 0
clawbench/internal/ai/acp_pool.go:872.65,875.20 3 0
clawbench/internal/ai/acp_pool.go:875.20,877.3 1 0
clawbench/internal/ai/acp_pool.go:878.2,879.77 2 0
clawbench/internal/ai/acp_pool.go:883.61,887.2 3 0
clawbench/internal/ai/acp_pool.go:890.55,893.20 3 0
clawbench/internal/ai/acp_pool.go:893.20,895.3 1 0
clawbench/internal/ai/acp_pool.go:896.2,897.70 2 0
clawbench/internal/ai/acp_pool.go:901.86,904.20 3 0
clawbench/internal/ai/acp_pool.go:904.20,906.3 1 0
clawbench/internal/ai/acp_pool.go:907.2,908.88 2 0
clawbench/internal/ai/acp_pool.go:912.76,915.20 3 0
clawbench/internal/ai/acp_pool.go:915.20,917.3 1 0
clawbench/internal/ai/acp_pool.go:918.2,919.79 2 0
clawbench/internal/ai/acp_pool.go:923.36,926.42 3 0
clawbench/internal/ai/acp_pool.go:926.42,928.3 1 0
clawbench/internal/ai/acp_pool.go:929.2,929.10 1 0
clawbench/internal/ai/acp_pool.go:933.27,937.42 3 0
clawbench/internal/ai/acp_pool.go:937.42,940.3 2 0
clawbench/internal/ai/acp_pool.go:941.2,945.15 5 0
clawbench/internal/ai/acp_pool.go:950.27,952.2 1 0
clawbench/internal/ai/acp_pool.go:959.64,963.2 3 0
clawbench/internal/ai/acp_pool.go:966.62,970.2 3 0
clawbench/internal/ai/acp_pool.go:973.37,980.2 6 0
clawbench/internal/ai/acp_pool.go:983.46,985.42 2 0
clawbench/internal/ai/acp_pool.go:985.42,988.3 2 0
clawbench/internal/ai/acp_pool.go:989.2,991.17 3 0
clawbench/internal/ai/acp_state_extract.go:15.71,16.21 1 1
clawbench/internal/ai/acp_state_extract.go:16.21,18.3 1 1
clawbench/internal/ai/acp_state_extract.go:19.2,19.50 1 1
clawbench/internal/ai/acp_state_extract.go:23.86,24.23 1 1
clawbench/internal/ai/acp_state_extract.go:24.23,26.3 1 1
clawbench/internal/ai/acp_state_extract.go:27.2,27.52 1 1
clawbench/internal/ai/acp_state_extract.go:30.72,31.18 1 1
clawbench/internal/ai/acp_state_extract.go:31.18,33.3 1 1
clawbench/internal/ai/acp_state_extract.go:35.2,39.41 2 1
clawbench/internal/ai/acp_state_extract.go:39.41,44.3 1 1
clawbench/internal/ai/acp_state_extract.go:46.2,46.73 1 1
clawbench/internal/ai/acp_state_extract.go:46.73,48.3 1 1
clawbench/internal/ai/acp_state_extract.go:50.2,50.18 1 1
clawbench/internal/ai/acp_state_extract.go:55.83,56.21 1 1
clawbench/internal/ai/acp_state_extract.go:56.21,58.3 1 1
clawbench/internal/ai/acp_state_extract.go:59.2,59.61 1 1
clawbench/internal/ai/acp_state_extract.go:63.98,64.23 1 1
clawbench/internal/ai/acp_state_extract.go:64.23,66.3 1 1
clawbench/internal/ai/acp_state_extract.go:67.2,67.63 1 1
clawbench/internal/ai/acp_state_extract.go:70.86,71.20 1 1
clawbench/internal/ai/acp_state_extract.go:71.20,73.3 1 1
clawbench/internal/ai/acp_state_extract.go:75.2,75.27 1 1
clawbench/internal/ai/acp_state_extract.go:75.27,76.24 1 1
clawbench/internal/ai/acp_state_extract.go:76.24,77.12 1 1
clawbench/internal/ai/acp_state_extract.go:79.3,81.82 2 1
clawbench/internal/ai/acp_state_extract.go:81.82,97.4 5 1
clawbench/internal/ai/acp_state_extract.go:100.2,100.12 1 1
clawbench/internal/ai/acp_state_extract.go:107.65,108.15 1 1
clawbench/internal/ai/acp_state_extract.go:108.15,110.3 1 1
clawbench/internal/ai/acp_state_extract.go:111.2,111.33 1 1
clawbench/internal/ai/acp_state_extract.go:111.33,112.29 1 1
clawbench/internal/ai/acp_state_extract.go:112.29,113.12 1 1
clawbench/internal/ai/acp_state_extract.go:115.3,118.32 2 1
clawbench/internal/ai/acp_state_extract.go:118.32,120.4 1 1
clawbench/internal/ai/acp_state_extract.go:121.3,121.60 1 1
clawbench/internal/ai/acp_state_extract.go:121.60,123.4 1 0
clawbench/internal/ai/acp_state_extract.go:124.3,124.12 1 1
clawbench/internal/ai/acp_state_extract.go:126.2,126.12 1 1
clawbench/internal/ai/acp_state_extract.go:131.86,132.21 1 1
clawbench/internal/ai/acp_state_extract.go:132.21,134.3 1 1
clawbench/internal/ai/acp_state_extract.go:135.2,135.62 1 1
clawbench/internal/ai/acp_state_extract.go:139.101,140.23 1 1
clawbench/internal/ai/acp_state_extract.go:140.23,142.3 1 1
clawbench/internal/ai/acp_state_extract.go:143.2,143.64 1 1
clawbench/internal/ai/acp_state_extract.go:146.89,147.20 1 1
clawbench/internal/ai/acp_state_extract.go:147.20,149.3 1 0
clawbench/internal/ai/acp_state_extract.go:151.2,151.27 1 1
clawbench/internal/ai/acp_state_extract.go:151.27,152.24 1 1
clawbench/internal/ai/acp_state_extract.go:152.24,153.12 1 0
clawbench/internal/ai/acp_state_extract.go:155.3,157.90 2 1
clawbench/internal/ai/acp_state_extract.go:157.90,159.4 1 1
clawbench/internal/ai/acp_state_extract.go:162.2,162.12 1 1
clawbench/internal/ai/acp_state_extract.go:167.76,168.21 1 1
clawbench/internal/ai/acp_state_extract.go:168.21,170.3 1 1
clawbench/internal/ai/acp_state_extract.go:171.2,171.57 1 1
clawbench/internal/ai/acp_state_extract.go:175.91,176.23 1 1
clawbench/internal/ai/acp_state_extract.go:176.23,178.3 1 1
clawbench/internal/ai/acp_state_extract.go:179.2,179.59 1 1
clawbench/internal/ai/acp_state_extract.go:182.79,183.20 1 1
clawbench/internal/ai/acp_state_extract.go:183.20,185.3 1 0
clawbench/internal/ai/acp_state_extract.go:187.2,187.27 1 1
clawbench/internal/ai/acp_state_extract.go:187.27,188.24 1 1
clawbench/internal/ai/acp_state_extract.go:188.24,189.12 1 0
clawbench/internal/ai/acp_state_extract.go:191.3,193.83 2 1
clawbench/internal/ai/acp_state_extract.go:193.83,195.4 1 1
clawbench/internal/ai/acp_state_extract.go:198.2,198.12 1 1
clawbench/internal/ai/acp_state_extract.go:202.111,217.2 5 1
clawbench/internal/ai/acp_state_extract.go:220.98,225.34 2 1
clawbench/internal/ai/acp_state_extract.go:225.34,226.44 1 1
clawbench/internal/ai/acp_state_extract.go:226.44,231.4 1 1
clawbench/internal/ai/acp_state_extract.go:233.2,233.32 1 1
clawbench/internal/ai/acp_state_extract.go:233.32,234.42 1 1
clawbench/internal/ai/acp_state_extract.go:234.42,235.32 1 1
clawbench/internal/ai/acp_state_extract.go:235.32,240.5 1 1
clawbench/internal/ai/acp_state_extract.go:244.2,244.62 1 1
clawbench/internal/ai/acp_state_extract.go:244.62,246.3 1 1
clawbench/internal/ai/acp_state_extract.go:248.2,248.14 1 1
clawbench/internal/ai/acp_state_extract.go:253.88,258.34 2 1
clawbench/internal/ai/acp_state_extract.go:258.34,259.44 1 1
clawbench/internal/ai/acp_state_extract.go:259.44,264.4 1 1
clawbench/internal/ai/acp_state_extract.go:266.2,266.32 1 1
clawbench/internal/ai/acp_state_extract.go:266.32,267.42 1 1
clawbench/internal/ai/acp_state_extract.go:267.42,268.32 1 1
clawbench/internal/ai/acp_state_extract.go:268.32,273.5 1 1
clawbench/internal/ai/acp_state_extract.go:277.2,277.58 1 1
clawbench/internal/ai/acp_state_extract.go:277.58,279.3 1 1
clawbench/internal/ai/acp_state_extract.go:281.2,281.14 1 1
clawbench/internal/ai/acp_state_extract.go:285.88,286.27 1 1
clawbench/internal/ai/acp_state_extract.go:286.27,287.37 1 1
clawbench/internal/ai/acp_state_extract.go:287.37,292.4 1 1
clawbench/internal/ai/acp_state_extract.go:294.2,294.25 1 1
clawbench/internal/ai/acp_state_extract.go:294.25,295.35 1 1
clawbench/internal/ai/acp_state_extract.go:295.35,296.32 1 1
clawbench/internal/ai/acp_state_extract.go:296.32,301.5 1 1
clawbench/internal/ai/acp_terminal.go:37.133,43.56 3 0
clawbench/internal/ai/acp_terminal.go:43.56,45.3 1 0
clawbench/internal/ai/acp_terminal.go:45.8,49.3 1 0
clawbench/internal/ai/acp_terminal.go:50.2,50.38 1 0
clawbench/internal/ai/acp_terminal.go:50.38,52.3 1 0
clawbench/internal/ai/acp_terminal.go:53.2,53.22 1 0
clawbench/internal/ai/acp_terminal.go:53.22,55.29 2 0
clawbench/internal/ai/acp_terminal.go:55.29,57.4 1 0
clawbench/internal/ai/acp_terminal.go:58.3,58.16 1 0
clawbench/internal/ai/acp_terminal.go:61.2,73.36 5 0
clawbench/internal/ai/acp_terminal.go:73.36,75.3 1 0
clawbench/internal/ai/acp_terminal.go:77.2,82.12 4 0
clawbench/internal/ai/acp_terminal.go:82.12,89.21 5 0
clawbench/internal/ai/acp_terminal.go:89.21,91.36 2 0
clawbench/internal/ai/acp_terminal.go:91.36,94.5 2 0
clawbench/internal/ai/acp_terminal.go:94.10,98.5 2 0
clawbench/internal/ai/acp_terminal.go:99.9,102.4 2 0
clawbench/internal/ai/acp_terminal.go:105.3,105.61 1 0
clawbench/internal/ai/acp_terminal.go:105.61,107.31 2 0
clawbench/internal/ai/acp_terminal.go:107.31,111.5 3 0
clawbench/internal/ai/acp_terminal.go:115.2,116.60 2 0
clawbench/internal/ai/acp_terminal.go:120.125,124.9 4 0
clawbench/internal/ai/acp_terminal.go:124.9,126.3 1 0
clawbench/internal/ai/acp_terminal.go:127.2,128.40 2 0
clawbench/internal/ai/acp_terminal.go:132.131,136.9 4 0
clawbench/internal/ai/acp_terminal.go:136.9,138.3 1 0
clawbench/internal/ai/acp_terminal.go:140.2,149.9 4 0
clawbench/internal/ai/acp_terminal.go:150.17,151.45 1 0
clawbench/internal/ai/acp_terminal.go:151.45,156.4 1 0
clawbench/internal/ai/acp_terminal.go:157.10,157.10 0 0
clawbench/internal/ai/acp_terminal.go:161.2,161.18 1 0
clawbench/internal/ai/acp_terminal.go:165.134,168.8 3 0
clawbench/internal/ai/acp_terminal.go:168.8,171.3 2 0
clawbench/internal/ai/acp_terminal.go:172.2,173.43 2 0
clawbench/internal/ai/acp_terminal.go:177.146,181.9 4 0
clawbench/internal/ai/acp_terminal.go:181.9,183.3 1 0
clawbench/internal/ai/acp_terminal.go:186.2,194.8 4 0
clawbench/internal/ai/acp_tool_names.go:65.43,67.2 1 1
clawbench/internal/ai/acp_tool_names.go:147.84,151.48 1 1
clawbench/internal/ai/acp_tool_names.go:151.48,153.54 2 1
clawbench/internal/ai/acp_tool_names.go:153.54,155.56 2 1
clawbench/internal/ai/acp_tool_names.go:155.56,157.5 1 1
clawbench/internal/ai/acp_tool_names.go:161.2,161.17 1 1
clawbench/internal/ai/acp_tool_names.go:161.17,165.36 1 1
clawbench/internal/ai/acp_tool_names.go:165.36,166.66 1 1
clawbench/internal/ai/acp_tool_names.go:166.66,168.5 1 1
clawbench/internal/ai/acp_tool_names.go:173.3,173.41 1 1
clawbench/internal/ai/acp_tool_names.go:173.41,174.42 1 1
clawbench/internal/ai/acp_tool_names.go:174.42,176.5 1 1
clawbench/internal/ai/acp_tool_names.go:184.3,184.102 1 1
clawbench/internal/ai/acp_tool_names.go:184.102,185.32 1 1
clawbench/internal/ai/acp_tool_names.go:185.32,187.5 1 1
clawbench/internal/ai/acp_tool_names.go:188.4,188.16 1 1
clawbench/internal/ai/acp_tool_names.go:194.2,194.51 1 1
clawbench/internal/ai/acp_tool_names.go:194.51,196.3 1 1
clawbench/internal/ai/acp_tool_names.go:197.2,197.21 1 1
clawbench/internal/ai/agent_capability.go:14.33,15.14 1 0
clawbench/internal/ai/agent_capability.go:15.14,17.3 1 0
clawbench/internal/ai/agent_capability.go:18.2,18.8 1 0
clawbench/internal/ai/agent_capability.go:18.8,20.3 1 0
clawbench/internal/ai/agent_capability.go:21.2,21.16 1 0
clawbench/internal/ai/agent_capability.go:48.42,56.2 1 0
clawbench/internal/ai/agent_capability.go:73.60,74.41 1 0
clawbench/internal/ai/agent_capability.go:74.41,78.3 1 0
clawbench/internal/ai/agent_capability.go:79.2,79.33 1 0
clawbench/internal/ai/agent_capability.go:84.72,88.2 3 0
clawbench/internal/ai/agent_capability.go:92.85,95.28 3 0
clawbench/internal/ai/agent_capability.go:95.28,98.3 2 0
clawbench/internal/ai/agent_capability.go:98.8,101.3 2 0
clawbench/internal/ai/agent_capability.go:102.2,102.25 1 0
clawbench/internal/ai/agent_capability.go:106.79,111.28 4 0
clawbench/internal/ai/agent_capability.go:111.28,114.3 2 0
clawbench/internal/ai/agent_capability.go:116.2,116.33 1 0
clawbench/internal/ai/agent_capability.go:116.33,118.3 1 0
clawbench/internal/ai/agent_capability.go:119.2,119.43 1 0
clawbench/internal/ai/agent_capability.go:119.43,121.3 1 0
clawbench/internal/ai/agent_capability.go:122.2,122.34 1 0
clawbench/internal/ai/agent_capability.go:122.34,124.3 1 0
clawbench/internal/ai/agent_capability.go:125.2,125.36 1 0
clawbench/internal/ai/agent_capability.go:125.36,127.3 1 0
clawbench/internal/ai/agent_capability.go:128.2,128.34 1 0
clawbench/internal/ai/agent_capability.go:128.34,130.3 1 0
clawbench/internal/ai/agent_capability.go:131.2,131.28 1 0
clawbench/internal/ai/agent_capability.go:131.28,133.3 1 0
clawbench/internal/ai/agent_capability.go:134.2,134.29 1 0
clawbench/internal/ai/agent_capability.go:134.29,136.3 1 0
clawbench/internal/ai/agent_capability.go:137.2,137.33 1 0
clawbench/internal/ai/agent_capability.go:141.80,143.2 1 0
clawbench/internal/ai/agent_capability.go:146.101,148.2 1 0
clawbench/internal/ai/agent_capability.go:151.91,153.2 1 0
clawbench/internal/ai/agent_capability.go:156.95,158.2 1 0
clawbench/internal/ai/agent_capability.go:161.95,163.2 1 0
clawbench/internal/ai/agent_capability.go:166.79,168.2 1 0
clawbench/internal/ai/agent_capability.go:171.80,173.2 1 0
clawbench/internal/ai/agent_capability.go:180.95,183.58 3 0
clawbench/internal/ai/agent_capability.go:183.58,187.3 3 0
clawbench/internal/ai/agent_capability.go:188.2,200.13 7 0
clawbench/internal/ai/agent_capability.go:206.61,210.27 4 0
clawbench/internal/ai/agent_capability.go:210.27,212.3 1 0
clawbench/internal/ai/agent_capability.go:219.242,229.2 1 0
clawbench/internal/ai/agent_capability.go:233.90,237.28 4 0
clawbench/internal/ai/agent_capability.go:237.28,239.3 1 0
clawbench/internal/ai/agent_capability.go:240.2,240.38 1 0
clawbench/internal/ai/agent_capability.go:240.38,245.3 1 0
clawbench/internal/ai/agent_capability.go:248.2,248.75 1 0
clawbench/internal/ai/agent_capability.go:248.75,249.26 1 0
clawbench/internal/ai/agent_capability.go:249.26,251.4 1 0
clawbench/internal/ai/agent_capability.go:252.3,252.12 1 0
clawbench/internal/ai/agent_capability.go:254.2,254.12 1 0
clawbench/internal/ai/agent_capability.go:259.106,263.75 4 0
clawbench/internal/ai/agent_capability.go:263.75,265.3 1 0
clawbench/internal/ai/agent_capability.go:266.2,269.3 1 0
clawbench/internal/ai/agent_capability.go:274.101,278.66 4 0
clawbench/internal/ai/agent_capability.go:278.66,280.3 1 0
clawbench/internal/ai/agent_capability.go:281.2,284.3 1 0
clawbench/internal/ai/agent_capability.go:288.86,292.28 4 0
clawbench/internal/ai/agent_capability.go:292.28,294.3 1 0
clawbench/internal/ai/agent_capability.go:295.2,295.35 1 0
clawbench/internal/ai/agent_capability.go:299.85,303.28 4 0
clawbench/internal/ai/agent_capability.go:303.28,305.3 1 0
clawbench/internal/ai/agent_capability.go:306.2,306.35 1 0
clawbench/internal/ai/agent_capability.go:310.71,315.2 4 0
clawbench/internal/ai/agent_capability.go:318.72,323.2 4 0
clawbench/internal/ai/agent_capability.go:326.74,331.2 4 0
clawbench/internal/ai/agent_capability.go:335.80,339.28 4 0
clawbench/internal/ai/agent_capability.go:339.28,341.3 1 0
clawbench/internal/ai/agent_capability.go:342.2,342.44 1 0
clawbench/internal/ai/agent_capability.go:342.44,343.21 1 0
clawbench/internal/ai/agent_capability.go:343.21,345.4 1 0
clawbench/internal/ai/agent_capability.go:347.2,347.14 1 0
clawbench/internal/ai/agent_capability.go:352.97,356.65 4 0
clawbench/internal/ai/agent_capability.go:356.65,358.3 1 0
clawbench/internal/ai/agent_capability.go:359.2,360.44 2 0
clawbench/internal/ai/agent_capability.go:360.44,362.3 1 0
clawbench/internal/ai/agent_capability.go:363.2,363.29 1 0
clawbench/internal/ai/agent_capability.go:363.29,364.37 1 0
clawbench/internal/ai/agent_capability.go:364.37,366.4 1 0
clawbench/internal/ai/agent_capability.go:368.2,368.14 1 0
clawbench/internal/ai/agent_capability.go:373.118,377.75 4 0
clawbench/internal/ai/agent_capability.go:377.75,379.3 1 0
clawbench/internal/ai/agent_capability.go:380.2,381.54 2 0
clawbench/internal/ai/agent_capability.go:381.54,383.3 1 0
clawbench/internal/ai/agent_capability.go:384.2,384.30 1 0
clawbench/internal/ai/agent_capability.go:384.30,385.37 1 0
clawbench/internal/ai/agent_capability.go:385.37,387.4 1 0
clawbench/internal/ai/agent_capability.go:389.2,389.14 1 0
clawbench/internal/ai/agent_capability.go:394.108,398.66 4 0
clawbench/internal/ai/agent_capability.go:398.66,400.3 1 0
clawbench/internal/ai/agent_capability.go:401.2,402.45 2 0
clawbench/internal/ai/agent_capability.go:402.45,404.3 1 0
clawbench/internal/ai/agent_capability.go:405.2,405.30 1 0
clawbench/internal/ai/agent_capability.go:405.30,406.37 1 0
clawbench/internal/ai/agent_capability.go:406.37,408.4 1 0
clawbench/internal/ai/agent_capability.go:410.2,410.14 1 0
clawbench/internal/ai/agent_capability.go:425.32,429.2 3 0
clawbench/internal/ai/agent_capability.go:431.30,435.2 3 0
clawbench/internal/ai/agent_capability.go:438.64,440.15 2 0
clawbench/internal/ai/agent_capability.go:440.15,442.3 1 0
clawbench/internal/ai/agent_capability.go:444.2,447.28 4 0
clawbench/internal/ai/agent_capability.go:447.28,449.3 1 0
clawbench/internal/ai/agent_capability.go:451.2,451.12 1 0
clawbench/internal/ai/agent_capability.go:451.12,452.59 1 0
clawbench/internal/ai/agent_capability.go:452.59,454.4 1 0
clawbench/internal/ai/agent_capability.go:461.105,463.33 2 0
clawbench/internal/ai/agent_capability.go:463.33,465.3 1 0
clawbench/internal/ai/agent_capability.go:466.2,467.35 2 0
clawbench/internal/ai/agent_capability.go:467.35,469.3 1 0
clawbench/internal/ai/agent_capability.go:470.2,471.32 2 0
clawbench/internal/ai/agent_capability.go:471.32,473.3 1 0
clawbench/internal/ai/agent_capability.go:474.2,475.39 2 0
clawbench/internal/ai/agent_capability.go:475.39,478.3 2 0
clawbench/internal/ai/agent_capability.go:480.2,481.33 2 0
clawbench/internal/ai/agent_capability.go:481.33,483.3 1 0
clawbench/internal/ai/agent_capability.go:484.2,484.34 1 0
clawbench/internal/ai/agent_capability.go:484.34,486.3 1 0
clawbench/internal/ai/agent_capability.go:488.2,500.12 2 0
clawbench/internal/ai/agent_capability.go:506.58,514.16 2 0
clawbench/internal/ai/agent_capability.go:514.16,517.3 2 0
clawbench/internal/ai/agent_capability.go:518.2,518.15 1 0
clawbench/internal/ai/agent_capability.go:518.15,518.35 1 0
clawbench/internal/ai/agent_capability.go:519.2,519.43 1 0
clawbench/internal/ai/agent_capability.go:519.43,521.3 1 0
clawbench/internal/ai/agent_capability.go:523.2,526.18 3 0
clawbench/internal/ai/agent_capability.go:526.18,529.124 3 0
clawbench/internal/ai/agent_capability.go:529.124,531.12 2 0
clawbench/internal/ai/agent_capability.go:534.3,536.43 2 0
clawbench/internal/ai/agent_capability.go:536.43,538.68 2 0
clawbench/internal/ai/agent_capability.go:538.68,540.5 1 0
clawbench/internal/ai/agent_capability.go:542.3,542.47 1 0
clawbench/internal/ai/agent_capability.go:542.47,544.72 2 0
clawbench/internal/ai/agent_capability.go:544.72,546.5 1 0
clawbench/internal/ai/agent_capability.go:548.3,548.41 1 0
clawbench/internal/ai/agent_capability.go:548.41,550.66 2 0
clawbench/internal/ai/agent_capability.go:550.66,552.5 1 0
clawbench/internal/ai/agent_capability.go:554.3,554.23 1 0
clawbench/internal/ai/agent_capability.go:554.23,556.70 2 0
clawbench/internal/ai/agent_capability.go:556.70,558.5 1 0
clawbench/internal/ai/agent_capability.go:561.3,564.25 3 0
clawbench/internal/ai/agent_capability.go:564.25,572.4 3 0
clawbench/internal/ai/auto_resume.go:18.43,20.2 1 0
clawbench/internal/ai/auto_resume.go:25.109,33.16 4 0
clawbench/internal/ai/auto_resume.go:33.16,37.3 3 0
clawbench/internal/ai/auto_resume.go:39.2,40.21 2 0
clawbench/internal/ai/auto_resume.go:60.3,66.6 3 0
clawbench/internal/ai/auto_resume.go:66.6,67.10 1 0
clawbench/internal/ai/auto_resume.go:68.31,69.11 1 0
clawbench/internal/ai/auto_resume.go:69.11,76.5 2 0
clawbench/internal/ai/auto_resume.go:80.4,82.58 1 0
clawbench/internal/ai/auto_resume.go:82.58,99.9 6 0
clawbench/internal/ai/auto_resume.go:99.9,100.13 1 0
clawbench/internal/ai/auto_resume.go:101.39,102.14 1 0
clawbench/internal/ai/auto_resume.go:102.14,103.19 1 0
clawbench/internal/ai/auto_resume.go:105.7,105.42 1 0
clawbench/internal/ai/auto_resume.go:105.42,107.8 1 0
clawbench/internal/ai/auto_resume.go:109.24,111.18 1 0
clawbench/internal/ai/auto_resume.go:114.5,114.20 1 0
clawbench/internal/ai/auto_resume.go:118.4,118.28 1 0
clawbench/internal/ai/auto_resume.go:118.28,121.5 2 0
clawbench/internal/ai/auto_resume.go:122.4,122.32 1 0
clawbench/internal/ai/auto_resume.go:124.21,126.10 1 0
clawbench/internal/ai/auto_resume.go:131.2,131.27 1 0
clawbench/internal/ai/auto_resume.go:131.27,133.3 1 0
clawbench/internal/ai/auto_resume.go:136.2,158.16 6 0
clawbench/internal/ai/auto_resume.go:158.16,165.3 3 0
clawbench/internal/ai/auto_resume.go:168.2,168.6 1 0
clawbench/internal/ai/auto_resume.go:168.6,169.10 1 0
clawbench/internal/ai/auto_resume.go:170.33,171.11 1 0
clawbench/internal/ai/auto_resume.go:171.11,175.5 2 0
clawbench/internal/ai/auto_resume.go:176.4,176.35 1 0
clawbench/internal/ai/auto_resume.go:176.35,177.13 1 0
clawbench/internal/ai/auto_resume.go:179.4,179.29 1 0
clawbench/internal/ai/auto_resume.go:179.29,182.5 2 0
clawbench/internal/ai/auto_resume.go:183.4,183.33 1 0
clawbench/internal/ai/auto_resume.go:185.21,187.10 1 0
clawbench/internal/ai/auto_resume.go:193.61,194.9 1 0
clawbench/internal/ai/auto_resume.go:195.19,195.19 0 0
clawbench/internal/ai/auto_resume.go:196.10,200.4 1 0
clawbench/internal/ai/claude.go:13.36,13.62 1 0
clawbench/internal/ai/claude.go:15.49,20.3 1 0
clawbench/internal/ai/claude_stream.go:4.54,5.63 1 0
clawbench/internal/ai/claude_stream.go:5.63,7.3 1 0
clawbench/internal/ai/cli_backend.go:30.36,32.2 1 0
clawbench/internal/ai/cli_backend.go:37.102,41.19 3 0
clawbench/internal/ai/cli_backend.go:41.19,43.3 1 0
clawbench/internal/ai/cli_backend.go:44.2,57.28 5 0
clawbench/internal/ai/cli_backend.go:57.28,59.3 1 0
clawbench/internal/ai/cli_backend.go:64.2,64.23 1 0
clawbench/internal/ai/cli_backend.go:64.23,66.3 1 0
clawbench/internal/ai/cli_backend.go:67.2,70.23 3 0
clawbench/internal/ai/cli_backend.go:70.23,72.3 1 0
clawbench/internal/ai/cli_backend.go:74.2,84.16 3 0
clawbench/internal/ai/cli_backend.go:84.16,86.3 1 0
clawbench/internal/ai/cli_backend.go:88.2,88.36 1 0
clawbench/internal/ai/cli_backend.go:88.36,90.3 1 0
clawbench/internal/ai/cli_backend.go:92.2,99.12 4 0
clawbench/internal/ai/cli_backend.go:99.12,105.16 3 0
clawbench/internal/ai/cli_backend.go:105.16,106.19 1 0
clawbench/internal/ai/cli_backend.go:106.19,110.15 1 0
clawbench/internal/ai/cli_backend.go:110.15,114.16 4 0
clawbench/internal/ai/cli_backend.go:114.16,117.7 2 0
clawbench/internal/ai/cli_backend.go:118.6,118.13 1 0
clawbench/internal/ai/cli_backend.go:119.20,119.20 0 0
clawbench/internal/ai/cli_backend.go:121.21,124.32 2 0
clawbench/internal/ai/cli_backend.go:130.3,135.22 5 0
clawbench/internal/ai/cli_backend.go:135.22,139.27 2 0
clawbench/internal/ai/cli_backend.go:139.27,141.12 2 0
clawbench/internal/ai/cli_backend.go:141.12,142.14 1 0
clawbench/internal/ai/cli_backend.go:144.5,144.20 1 0
clawbench/internal/ai/cli_backend.go:145.10,145.25 1 0
clawbench/internal/ai/cli_backend.go:145.25,146.13 1 0
clawbench/internal/ai/cli_backend.go:150.4,150.26 1 0
clawbench/internal/ai/cli_backend.go:150.26,152.5 1 0
clawbench/internal/ai/cli_backend.go:153.4,157.51 2 0
clawbench/internal/ai/cli_backend.go:157.51,158.12 1 0
clawbench/internal/ai/cli_backend.go:159.78,159.78 0 0
clawbench/internal/ai/cli_backend.go:160.13,160.13 0 0
clawbench/internal/ai/cli_backend.go:164.4,170.108 3 0
clawbench/internal/ai/cli_backend.go:170.108,172.12 2 0
clawbench/internal/ai/cli_backend.go:173.74,173.74 0 0
clawbench/internal/ai/cli_backend.go:174.13,174.13 0 0
clawbench/internal/ai/cli_backend.go:179.4,179.11 1 0
clawbench/internal/ai/cli_backend.go:180.22,186.27 2 0
clawbench/internal/ai/cli_backend.go:186.27,187.13 1 0
clawbench/internal/ai/cli_backend.go:188.79,188.79 0 0
clawbench/internal/ai/cli_backend.go:189.14,189.14 0 0
clawbench/internal/ai/cli_backend.go:192.5,192.11 1 0
clawbench/internal/ai/cli_backend.go:193.12,193.12 0 0
clawbench/internal/ai/cli_backend.go:197.3,197.39 1 0
clawbench/internal/ai/cli_backend.go:197.39,198.11 1 0
clawbench/internal/ai/cli_backend.go:199.126,199.126 0 0
clawbench/internal/ai/cli_backend.go:200.22,200.22 0 0
clawbench/internal/ai/cli_backend.go:204.3,205.36 2 0
clawbench/internal/ai/cli_backend.go:205.36,206.24 1 0
clawbench/internal/ai/cli_backend.go:206.24,214.27 2 0
clawbench/internal/ai/cli_backend.go:214.27,215.13 1 0
clawbench/internal/ai/cli_backend.go:216.79,216.79 0 0
clawbench/internal/ai/cli_backend.go:217.14,217.14 0 0
clawbench/internal/ai/cli_backend.go:220.5,220.11 1 0
clawbench/internal/ai/cli_backend.go:222.4,230.20 4 0
clawbench/internal/ai/cli_backend.go:230.20,232.5 1 0
clawbench/internal/ai/cli_backend.go:233.4,233.11 1 0
clawbench/internal/ai/cli_backend.go:234.89,234.89 0 0
clawbench/internal/ai/cli_backend.go:235.22,235.22 0 0
clawbench/internal/ai/cli_backend.go:237.9,237.33 1 0
clawbench/internal/ai/cli_backend.go:237.33,244.11 3 0
clawbench/internal/ai/cli_backend.go:245.61,245.61 0 0
clawbench/internal/ai/cli_backend.go:246.22,246.22 0 0
clawbench/internal/ai/cli_backend.go:251.3,251.25 1 0
clawbench/internal/ai/cli_backend.go:251.25,252.11 1 0
clawbench/internal/ai/cli_backend.go:253.77,253.77 0 0
clawbench/internal/ai/cli_backend.go:254.12,254.12 0 0
clawbench/internal/ai/cli_backend.go:259.2,259.16 1 0
clawbench/internal/ai/cli_backend.go:276.53,278.2 1 0
clawbench/internal/ai/cli_backend.go:282.54,283.42 1 1
clawbench/internal/ai/cli_backend.go:283.42,284.50 1 0
clawbench/internal/ai/cli_backend.go:284.50,286.4 1 0
clawbench/internal/ai/cli_backend.go:287.3,287.20 1 0
clawbench/internal/ai/cli_backend.go:301.56,302.30 1 0
clawbench/internal/ai/cli_backend.go:302.30,304.3 1 0
clawbench/internal/ai/cli_backend.go:306.2,307.9 2 0
clawbench/internal/ai/cli_backend.go:307.9,309.3 1 0
clawbench/internal/ai/cli_backend.go:312.2,312.27 1 0
clawbench/internal/ai/cli_backend.go:312.27,314.3 1 0
clawbench/internal/ai/cli_backend.go:317.2,318.28 2 0
clawbench/internal/ai/cli_backend.go:318.28,320.3 1 0
clawbench/internal/ai/cli_backend.go:324.2,324.21 1 0
clawbench/internal/ai/cli_backend.go:324.21,328.3 3 0
clawbench/internal/ai/cli_backend.go:331.2,332.38 2 0
clawbench/internal/ai/cli_backend.go:332.38,336.3 2 0
clawbench/internal/ai/cli_backend.go:338.2,338.89 1 0
clawbench/internal/ai/cline.go:10.33,15.37 1 0
clawbench/internal/ai/cline.go:15.37,15.63 1 0
clawbench/internal/ai/cline.go:17.50,21.4 1 0
clawbench/internal/ai/cline_stream.go:6.53,13.39 2 0
clawbench/internal/ai/cline_stream.go:13.39,15.3 1 0
clawbench/internal/ai/cline_stream.go:18.2,18.23 1 0
clawbench/internal/ai/cline_stream.go:18.23,20.3 1 0
clawbench/internal/ai/cline_stream.go:23.2,23.21 1 0
clawbench/internal/ai/cline_stream.go:23.21,25.3 1 0
clawbench/internal/ai/cline_stream.go:28.2,28.30 1 0
clawbench/internal/ai/cline_stream.go:28.30,30.3 1 0
clawbench/internal/ai/cline_stream.go:32.2,32.13 1 0
clawbench/internal/ai/codebuddy.go:13.36,13.62 1 0
clawbench/internal/ai/codebuddy.go:14.47,16.17 2 0
clawbench/internal/ai/codebuddy.go:16.17,18.4 1 0
clawbench/internal/ai/codebuddy.go:19.3,19.20 1 0
clawbench/internal/ai/codebuddy.go:21.49,26.3 1 0
clawbench/internal/ai/codebuddy_stream.go:4.57,6.2 1 0
clawbench/internal/ai/codex.go:7.38,9.2 1 0
clawbench/internal/ai/codex_stream.go:56.59,56.80 1 0
clawbench/internal/ai/codex_stream.go:62.75,64.59 2 0
clawbench/internal/ai/codex_stream.go:64.59,67.3 2 0
clawbench/internal/ai/codex_stream.go:69.2,69.18 1 0
clawbench/internal/ai/codex_stream.go:70.24,71.25 1 0
clawbench/internal/ai/codex_stream.go:71.25,73.4 1 0
clawbench/internal/ai/codex_stream.go:75.24,76.22 1 0
clawbench/internal/ai/codex_stream.go:76.22,78.4 1 0
clawbench/internal/ai/codex_stream.go:79.3,79.24 1 0
clawbench/internal/ai/codex_stream.go:80.24,82.18 2 0
clawbench/internal/ai/codex_stream.go:82.18,84.5 1 0
clawbench/internal/ai/codex_stream.go:87.4,88.22 2 0
clawbench/internal/ai/codex_stream.go:88.22,90.5 1 0
clawbench/internal/ai/codex_stream.go:91.4,91.21 1 0
clawbench/internal/ai/codex_stream.go:91.21,93.5 1 0
clawbench/internal/ai/codex_stream.go:95.28,100.77 3 0
clawbench/internal/ai/codex_stream.go:103.22,104.22 1 0
clawbench/internal/ai/codex_stream.go:104.22,106.4 1 0
clawbench/internal/ai/codex_stream.go:107.3,107.43 1 0
clawbench/internal/ai/codex_stream.go:107.43,110.4 2 0
clawbench/internal/ai/codex_stream.go:112.24,116.23 2 0
clawbench/internal/ai/codex_stream.go:116.23,119.4 2 0
clawbench/internal/ai/codex_stream.go:120.3,121.34 2 0
clawbench/internal/ai/codex_stream.go:123.22,123.22 0 0
clawbench/internal/ai/codex_stream.go:126.15,127.24 1 0
clawbench/internal/ai/codex_stream.go:127.24,129.4 1 0
clawbench/internal/ai/codex_stream.go:131.21,133.50 2 0
clawbench/internal/ai/codex_stream.go:133.50,135.4 1 0
clawbench/internal/ai/codex_stream.go:136.3,137.34 2 0
clawbench/internal/ai/codex_stream.go:139.10,140.78 1 0
clawbench/internal/ai/codex_stream.go:146.53,153.23 3 0
clawbench/internal/ai/codex_stream.go:153.23,155.3 1 0
clawbench/internal/ai/codex_stream.go:158.2,158.21 1 0
clawbench/internal/ai/codex_stream.go:158.21,160.3 1 0
clawbench/internal/ai/codex_stream.go:163.2,163.30 1 0
clawbench/internal/ai/codex_stream.go:163.30,165.3 1 0
clawbench/internal/ai/codex_stream.go:168.2,176.13 4 0
clawbench/internal/ai/codex_stream.go:200.121,209.21 8 0
clawbench/internal/ai/codex_stream.go:209.21,213.17 2 0
clawbench/internal/ai/codex_stream.go:213.17,214.26 1 0
clawbench/internal/ai/codex_stream.go:214.26,216.5 1 0
clawbench/internal/ai/codex_stream.go:217.4,217.30 1 0
clawbench/internal/ai/codex_stream.go:221.3,221.74 1 0
clawbench/internal/ai/codex_stream.go:221.74,227.4 3 0
clawbench/internal/ai/codex_stream.go:230.3,230.40 1 0
clawbench/internal/ai/codex_stream.go:230.40,232.43 1 0
clawbench/internal/ai/codex_stream.go:232.43,238.5 5 0
clawbench/internal/ai/codex_stream.go:239.4,240.12 2 0
clawbench/internal/ai/codex_stream.go:243.3,243.21 1 0
clawbench/internal/ai/codex_stream.go:243.21,245.43 1 0
clawbench/internal/ai/codex_stream.go:245.43,251.5 5 0
clawbench/internal/ai/codex_stream.go:252.4,253.12 2 0
clawbench/internal/ai/codex_stream.go:257.3,257.35 1 0
clawbench/internal/ai/codex_stream.go:257.35,258.12 1 0
clawbench/internal/ai/codex_stream.go:262.3,262.22 1 0
clawbench/internal/ai/codex_stream.go:262.22,268.47 1 0
clawbench/internal/ai/codex_stream.go:268.47,273.73 4 0
clawbench/internal/ai/codex_stream.go:273.73,274.22 1 0
clawbench/internal/ai/codex_stream.go:274.22,276.7 1 0
clawbench/internal/ai/codex_stream.go:277.6,279.26 3 0
clawbench/internal/ai/codex_stream.go:279.26,281.7 1 0
clawbench/internal/ai/codex_stream.go:282.11,282.26 1 0
clawbench/internal/ai/codex_stream.go:282.26,284.6 1 0
clawbench/internal/ai/codex_stream.go:285.5,285.13 1 0
clawbench/internal/ai/codex_stream.go:287.4,287.48 1 0
clawbench/internal/ai/codex_stream.go:287.48,288.19 1 0
clawbench/internal/ai/codex_stream.go:288.19,290.58 2 0
clawbench/internal/ai/codex_stream.go:290.58,292.7 1 0
clawbench/internal/ai/codex_stream.go:293.6,293.25 1 0
clawbench/internal/ai/codex_stream.go:296.5,298.25 3 0
clawbench/internal/ai/codex_stream.go:298.25,300.6 1 0
clawbench/internal/ai/codex_stream.go:301.5,301.13 1 0
clawbench/internal/ai/codex_stream.go:303.4,303.18 1 0
clawbench/internal/ai/codex_stream.go:303.18,305.73 1 0
clawbench/internal/ai/codex_stream.go:305.73,306.22 1 0
clawbench/internal/ai/codex_stream.go:306.22,307.32 1 0
clawbench/internal/ai/codex_stream.go:307.32,309.8 1 0
clawbench/internal/ai/codex_stream.go:310.7,310.38 1 0
clawbench/internal/ai/codex_stream.go:312.6,313.58 2 0
clawbench/internal/ai/codex_stream.go:313.58,315.7 1 0
clawbench/internal/ai/codex_stream.go:316.6,318.26 3 0
clawbench/internal/ai/codex_stream.go:318.26,320.7 1 0
clawbench/internal/ai/codex_stream.go:321.11,322.31 1 0
clawbench/internal/ai/codex_stream.go:322.31,324.7 1 0
clawbench/internal/ai/codex_stream.go:325.6,325.35 1 0
clawbench/internal/ai/codex_stream.go:327.5,327.13 1 0
clawbench/internal/ai/codex_stream.go:329.4,329.18 1 0
clawbench/internal/ai/codex_stream.go:329.18,331.5 1 0
clawbench/internal/ai/codex_stream.go:332.4,332.12 1 0
clawbench/internal/ai/codex_stream.go:336.3,336.21 1 0
clawbench/internal/ai/codex_stream.go:336.21,337.25 1 0
clawbench/internal/ai/codex_stream.go:337.25,344.5 4 0
clawbench/internal/ai/codex_stream.go:344.10,345.29 1 0
clawbench/internal/ai/codex_stream.go:345.29,347.6 1 0
clawbench/internal/ai/codex_stream.go:348.5,348.33 1 0
clawbench/internal/ai/codex_stream.go:350.4,350.12 1 0
clawbench/internal/ai/codex_stream.go:355.2,355.41 1 0
clawbench/internal/ai/codex_stream.go:355.41,359.3 3 0
clawbench/internal/ai/codex_stream.go:364.2,364.41 1 0
clawbench/internal/ai/codex_stream.go:364.41,366.3 1 0
clawbench/internal/ai/codex_stream.go:370.2,370.38 1 0
clawbench/internal/ai/codex_stream.go:370.38,373.3 1 0
clawbench/internal/ai/codex_stream.go:376.2,377.33 2 0
clawbench/internal/ai/codex_stream.go:383.48,383.83 1 0
clawbench/internal/ai/codex_stream.go:389.70,402.21 4 0
clawbench/internal/ai/codex_stream.go:402.21,404.3 1 0
clawbench/internal/ai/codex_stream.go:407.2,407.30 1 0
clawbench/internal/ai/codex_stream.go:407.30,409.3 1 0
clawbench/internal/ai/codex_stream.go:412.2,420.13 4 0
clawbench/internal/ai/codex_stream.go:426.104,430.23 3 0
clawbench/internal/ai/codex_stream.go:430.23,432.21 2 0
clawbench/internal/ai/codex_stream.go:432.21,434.22 2 0
clawbench/internal/ai/codex_stream.go:434.22,436.5 1 0
clawbench/internal/ai/codex_stream.go:441.2,442.39 2 0
clawbench/internal/ai/codex_stream.go:442.39,447.3 2 0
clawbench/internal/ai/codex_stream.go:447.8,449.17 2 0
clawbench/internal/ai/codex_stream.go:449.17,451.4 1 0
clawbench/internal/ai/codex_stream.go:456.2,465.28 7 0
clawbench/internal/ai/codex_stream.go:465.28,467.3 1 0
clawbench/internal/ai/codex_stream.go:467.8,469.3 1 0
clawbench/internal/ai/codex_stream.go:471.2,478.14 4 0
clawbench/internal/ai/codex_stream.go:478.14,481.17 3 0
clawbench/internal/ai/codex_stream.go:481.17,483.4 1 0
clawbench/internal/ai/codex_stream.go:484.8,486.3 1 0
clawbench/internal/ai/codex_stream.go:488.2,503.14 3 0
clawbench/internal/ai/codex_stream.go:503.14,505.3 1 0
clawbench/internal/ai/codex_stream.go:505.8,508.17 3 0
clawbench/internal/ai/codex_stream.go:508.17,510.4 1 0
clawbench/internal/ai/codex_stream.go:513.2,513.36 1 0
clawbench/internal/ai/codex_stream.go:513.36,515.3 1 0
clawbench/internal/ai/codex_stream.go:517.2,522.12 3 0
clawbench/internal/ai/codex_stream.go:522.12,525.15 2 0
clawbench/internal/ai/codex_stream.go:525.15,533.4 4 0
clawbench/internal/ai/codex_stream.go:533.9,541.23 6 0
clawbench/internal/ai/codex_stream.go:541.23,545.52 2 0
clawbench/internal/ai/codex_stream.go:545.52,547.14 2 0
clawbench/internal/ai/codex_stream.go:551.5,551.27 1 0
clawbench/internal/ai/codex_stream.go:551.27,553.6 1 0
clawbench/internal/ai/codex_stream.go:554.5,562.109 4 0
clawbench/internal/ai/codex_stream.go:562.109,564.13 2 0
clawbench/internal/ai/codex_stream.go:565.75,565.75 0 0
clawbench/internal/ai/codex_stream.go:566.14,566.14 0 0
clawbench/internal/ai/codex_stream.go:571.5,571.12 1 0
clawbench/internal/ai/codex_stream.go:572.23,578.28 2 0
clawbench/internal/ai/codex_stream.go:578.28,579.14 1 0
clawbench/internal/ai/codex_stream.go:580.80,580.80 0 0
clawbench/internal/ai/codex_stream.go:581.15,581.15 0 0
clawbench/internal/ai/codex_stream.go:584.6,584.12 1 0
clawbench/internal/ai/codex_stream.go:585.13,585.13 0 0
clawbench/internal/ai/codex_stream.go:589.4,589.40 1 0
clawbench/internal/ai/codex_stream.go:589.40,590.12 1 0
clawbench/internal/ai/codex_stream.go:591.127,591.127 0 0
clawbench/internal/ai/codex_stream.go:592.23,592.23 0 0
clawbench/internal/ai/codex_stream.go:597.3,597.36 1 0
clawbench/internal/ai/codex_stream.go:597.36,598.24 1 0
clawbench/internal/ai/codex_stream.go:598.24,605.27 2 0
clawbench/internal/ai/codex_stream.go:605.27,606.13 1 0
clawbench/internal/ai/codex_stream.go:607.79,607.79 0 0
clawbench/internal/ai/codex_stream.go:608.14,608.14 0 0
clawbench/internal/ai/codex_stream.go:611.5,611.11 1 0
clawbench/internal/ai/codex_stream.go:613.4,618.11 2 0
clawbench/internal/ai/codex_stream.go:619.112,619.112 0 0
clawbench/internal/ai/codex_stream.go:620.22,620.22 0 0
clawbench/internal/ai/codex_stream.go:625.3,625.25 1 0
clawbench/internal/ai/codex_stream.go:625.25,626.11 1 0
clawbench/internal/ai/codex_stream.go:627.77,627.77 0 0
clawbench/internal/ai/codex_stream.go:628.12,628.12 0 0
clawbench/internal/ai/codex_stream.go:633.2,633.16 1 0
clawbench/internal/ai/codex_think.go:18.65,23.40 3 0
clawbench/internal/ai/codex_think.go:23.40,29.3 4 0
clawbench/internal/ai/codex_think.go:32.2,32.34 1 0
clawbench/internal/ai/codex_think.go:32.34,35.3 2 0
clawbench/internal/ai/codex_think.go:38.2,38.50 1 0
clawbench/internal/ai/codex_think.go:38.50,42.3 3 0
clawbench/internal/ai/codex_think.go:45.2,46.8 2 0
clawbench/internal/ai/codex_tool.go:5.61,6.61 1 0
clawbench/internal/ai/codex_tool.go:6.61,8.3 1 0
clawbench/internal/ai/codex_tool.go:9.2,15.3 2 0
clawbench/internal/ai/codex_tool.go:20.64,21.61 1 0
clawbench/internal/ai/codex_tool.go:21.61,23.3 1 0
clawbench/internal/ai/codex_tool.go:24.2,27.57 4 0
clawbench/internal/ai/codex_tool.go:27.57,29.3 1 0
clawbench/internal/ai/codex_tool.go:29.8,29.25 1 0
clawbench/internal/ai/codex_tool.go:29.25,31.3 1 0
clawbench/internal/ai/codex_tool.go:32.2,39.3 1 0
clawbench/internal/ai/codex_tool.go:45.98,47.10 2 0
clawbench/internal/ai/codex_tool.go:47.10,48.40 1 0
clawbench/internal/ai/codex_tool.go:48.40,50.4 1 0
clawbench/internal/ai/codex_tool.go:50.9,50.26 1 0
clawbench/internal/ai/codex_tool.go:50.26,52.4 1 0
clawbench/internal/ai/codex_tool.go:54.2,61.4 1 0
clawbench/internal/ai/common_stream.go:14.91,21.16 2 0
clawbench/internal/ai/common_stream.go:21.16,27.3 2 0
clawbench/internal/ai/common_stream.go:27.8,27.32 1 0
clawbench/internal/ai/common_stream.go:27.32,32.3 2 0
clawbench/internal/ai/common_stream.go:32.8,35.3 1 0
clawbench/internal/ai/common_stream.go:37.2,37.23 1 0
clawbench/internal/ai/common_stream.go:37.23,39.3 1 0
clawbench/internal/ai/common_stream.go:40.2,42.28 2 0
clawbench/internal/ai/common_stream.go:42.28,44.3 1 0
clawbench/internal/ai/common_stream.go:47.2,47.21 1 0
clawbench/internal/ai/common_stream.go:47.21,49.3 1 0
clawbench/internal/ai/common_stream.go:52.2,52.30 1 0
clawbench/internal/ai/common_stream.go:52.30,54.3 1 0
clawbench/internal/ai/common_stream.go:56.2,56.23 1 0
clawbench/internal/ai/common_stream.go:56.23,58.3 1 0
clawbench/internal/ai/common_stream.go:60.2,60.13 1 0
clawbench/internal/ai/common_stream.go:66.49,67.37 1 0
clawbench/internal/ai/common_stream.go:67.37,69.3 1 0
clawbench/internal/ai/common_stream.go:70.2,70.85 1 0
clawbench/internal/ai/common_stream.go:82.48,83.18 1 0
clawbench/internal/ai/common_stream.go:84.38,85.16 1 0
clawbench/internal/ai/common_stream.go:86.29,87.17 1 0
clawbench/internal/ai/common_stream.go:88.38,89.16 1 0
clawbench/internal/ai/common_stream.go:90.85,91.16 1 0
clawbench/internal/ai/common_stream.go:92.64,93.14 1 0
clawbench/internal/ai/common_stream.go:94.94,95.16 1 0
clawbench/internal/ai/common_stream.go:96.37,97.16 1 0
clawbench/internal/ai/common_stream.go:98.44,99.20 1 0
clawbench/internal/ai/common_stream.go:100.54,101.21 1 0
clawbench/internal/ai/common_stream.go:102.90,103.17 1 0
clawbench/internal/ai/common_stream.go:104.42,105.25 1 0
clawbench/internal/ai/common_stream.go:106.40,107.24 1 0
clawbench/internal/ai/common_stream.go:108.47,109.17 1 0
clawbench/internal/ai/common_stream.go:110.52,111.21 1 0
clawbench/internal/ai/common_stream.go:112.21,113.16 1 0
clawbench/internal/ai/common_stream.go:114.68,115.15 1 0
clawbench/internal/ai/common_stream.go:116.21,117.23 1 0
clawbench/internal/ai/common_stream.go:118.10,119.18 1 0
clawbench/internal/ai/common_stream.go:130.90,131.24 1 0
clawbench/internal/ai/common_stream.go:131.24,133.3 1 0
clawbench/internal/ai/common_stream.go:135.2,136.57 2 0
clawbench/internal/ai/common_stream.go:136.57,138.3 1 0
clawbench/internal/ai/common_stream.go:143.2,153.36 3 0
clawbench/internal/ai/common_stream.go:153.36,155.3 1 0
clawbench/internal/ai/common_stream.go:156.2,156.33 1 0
clawbench/internal/ai/common_stream.go:156.33,158.3 1 0
clawbench/internal/ai/common_stream.go:161.2,161.31 1 0
clawbench/internal/ai/common_stream.go:161.31,162.31 1 0
clawbench/internal/ai/common_stream.go:162.31,165.4 2 0
clawbench/internal/ai/common_stream.go:168.2,169.16 2 0
clawbench/internal/ai/common_stream.go:169.16,171.3 1 0
clawbench/internal/ai/common_stream.go:172.2,172.24 1 0
clawbench/internal/ai/common_stream.go:220.46,222.2 1 0
clawbench/internal/ai/common_stream.go:227.45,231.2 3 0
clawbench/internal/ai/copilot.go:10.35,15.37 1 0
clawbench/internal/ai/copilot.go:15.37,15.63 1 0
clawbench/internal/ai/copilot.go:17.50,20.4 1 0
clawbench/internal/ai/copilot_stream.go:5.55,15.39 3 0
clawbench/internal/ai/copilot_stream.go:15.39,17.3 1 0
clawbench/internal/ai/copilot_stream.go:20.2,20.23 1 0
clawbench/internal/ai/copilot_stream.go:20.23,22.3 1 0
clawbench/internal/ai/copilot_stream.go:25.2,25.21 1 0
clawbench/internal/ai/copilot_stream.go:25.21,27.3 1 0
clawbench/internal/ai/copilot_stream.go:30.2,30.30 1 0
clawbench/internal/ai/copilot_stream.go:30.30,32.3 1 0
clawbench/internal/ai/copilot_stream.go:34.2,34.13 1 0
clawbench/internal/ai/deepseek.go:13.36,13.70 1 0
clawbench/internal/ai/deepseek.go:29.56,37.39 2 0
clawbench/internal/ai/deepseek.go:37.39,41.3 2 0
clawbench/internal/ai/deepseek.go:41.8,41.23 1 0
clawbench/internal/ai/deepseek.go:41.23,47.3 2 0
clawbench/internal/ai/deepseek.go:50.2,50.28 1 0
clawbench/internal/ai/deepseek.go:50.28,52.3 1 0
clawbench/internal/ai/deepseek.go:57.2,57.21 1 0
clawbench/internal/ai/deepseek.go:57.21,58.57 1 0
clawbench/internal/ai/deepseek.go:58.57,60.4 1 0
clawbench/internal/ai/deepseek.go:60.9,62.4 1 0
clawbench/internal/ai/deepseek.go:66.2,68.13 2 0
clawbench/internal/ai/deepseek_stream.go:49.62,51.2 1 0
clawbench/internal/ai/deepseek_stream.go:57.78,59.59 2 0
clawbench/internal/ai/deepseek_stream.go:59.59,62.3 2 0
clawbench/internal/ai/deepseek_stream.go:64.2,64.18 1 0
clawbench/internal/ai/deepseek_stream.go:65.17,66.24 1 0
clawbench/internal/ai/deepseek_stream.go:66.24,68.4 1 0
clawbench/internal/ai/deepseek_stream.go:70.18,71.24 1 0
clawbench/internal/ai/deepseek_stream.go:71.24,73.4 1 0
clawbench/internal/ai/deepseek_stream.go:75.18,81.5 1 0
clawbench/internal/ai/deepseek_stream.go:83.21,84.19 1 0
clawbench/internal/ai/deepseek_stream.go:84.19,90.4 1 0
clawbench/internal/ai/deepseek_stream.go:92.25,93.24 1 0
clawbench/internal/ai/deepseek_stream.go:93.24,97.4 3 0
clawbench/internal/ai/deepseek_stream.go:99.18,100.22 1 0
clawbench/internal/ai/deepseek_stream.go:100.22,108.4 2 0
clawbench/internal/ai/deepseek_stream.go:110.14,111.34 1 0
clawbench/internal/ai/deepseek_stream.go:113.15,114.22 1 0
clawbench/internal/ai/deepseek_stream.go:114.22,116.4 1 0
clawbench/internal/ai/deepseek_stream.go:118.10,119.81 1 0
clawbench/internal/ai/deepseek_stream.go:129.79,138.18 2 0
clawbench/internal/ai/deepseek_stream.go:139.19,143.35 3 0
clawbench/internal/ai/deepseek_stream.go:144.45,146.31 1 0
clawbench/internal/ai/deepseek_stream.go:147.35,147.35 0 0
clawbench/internal/ai/deepseek_stream.go:152.2,153.16 2 0
clawbench/internal/ai/deepseek_stream.go:153.16,155.3 1 0
clawbench/internal/ai/deepseek_stream.go:156.2,156.27 1 0
clawbench/internal/ai/deepseek_tool.go:6.65,9.16 3 0
clawbench/internal/ai/deepseek_tool.go:9.16,11.3 1 0
clawbench/internal/ai/deepseek_tool.go:13.2,18.3 1 0
clawbench/internal/ai/deepseek_tool.go:23.68,24.18 1 0
clawbench/internal/ai/deepseek_tool.go:24.18,26.3 1 0
clawbench/internal/ai/deepseek_tool.go:28.2,32.3 1 0
clawbench/internal/ai/factory.go:12.56,13.21 1 0
clawbench/internal/ai/factory.go:14.16,15.55 1 0
clawbench/internal/ai/factory.go:16.19,17.58 1 0
clawbench/internal/ai/factory.go:18.18,19.30 1 0
clawbench/internal/ai/factory.go:20.16,21.28 1 0
clawbench/internal/ai/factory.go:22.15,23.30 1 0
clawbench/internal/ai/factory.go:24.15,25.54 1 0
clawbench/internal/ai/factory.go:26.15,27.32 1 0
clawbench/internal/ai/factory.go:28.18,29.57 1 0
clawbench/internal/ai/factory.go:30.12,31.51 1 0
clawbench/internal/ai/factory.go:32.15,33.56 1 0
clawbench/internal/ai/factory.go:34.14,35.55 1 0
clawbench/internal/ai/factory.go:36.17,37.58 1 0
clawbench/internal/ai/factory.go:38.10,39.176 1 0
clawbench/internal/ai/factory.go:50.73,52.2 1 0
clawbench/internal/ai/factory.go:59.105,60.19 1 0
clawbench/internal/ai/factory.go:60.19,61.45 1 0
clawbench/internal/ai/factory.go:61.45,63.32 2 0
clawbench/internal/ai/factory.go:63.32,65.5 1 0
clawbench/internal/ai/factory.go:66.4,66.41 1 0
clawbench/internal/ai/factory.go:66.41,67.28 1 0
clawbench/internal/ai/factory.go:67.28,69.20 2 0
clawbench/internal/ai/factory.go:69.20,71.7 1 0
clawbench/internal/ai/factory.go:72.6,72.28 1 0
clawbench/internal/ai/factory.go:76.5,76.101 1 0
clawbench/internal/ai/factory.go:82.2,82.32 1 0
clawbench/internal/ai/factory.go:87.47,88.21 1 0
clawbench/internal/ai/factory.go:89.84,90.14 1 0
clawbench/internal/ai/factory.go:91.10,92.15 1 0
clawbench/internal/ai/gemini.go:8.36,8.68 1 0
clawbench/internal/ai/gemini_stream.go:78.60,78.73 1 0
clawbench/internal/ai/gemini_stream.go:84.76,86.59 2 0
clawbench/internal/ai/gemini_stream.go:86.59,89.3 2 0
clawbench/internal/ai/gemini_stream.go:91.2,91.18 1 0
clawbench/internal/ai/gemini_stream.go:92.14,94.26 1 0
clawbench/internal/ai/gemini_stream.go:94.26,96.4 1 0
clawbench/internal/ai/gemini_stream.go:97.3,97.22 1 0
clawbench/internal/ai/gemini_stream.go:97.22,99.4 1 0
clawbench/internal/ai/gemini_stream.go:101.17,102.51 1 0
clawbench/internal/ai/gemini_stream.go:102.51,104.4 1 0
clawbench/internal/ai/gemini_stream.go:107.18,109.30 2 0
clawbench/internal/ai/gemini_stream.go:109.30,112.18 2 0
clawbench/internal/ai/gemini_stream.go:112.18,114.5 1 0
clawbench/internal/ai/gemini_stream.go:114.10,116.5 1 0
clawbench/internal/ai/gemini_stream.go:118.3,123.5 1 0
clawbench/internal/ai/gemini_stream.go:125.21,127.23 1 0
clawbench/internal/ai/gemini_stream.go:127.23,133.4 1 0
clawbench/internal/ai/gemini_stream.go:135.15,137.24 1 0
clawbench/internal/ai/gemini_stream.go:137.24,138.31 1 0
clawbench/internal/ai/gemini_stream.go:138.31,140.5 1 0
clawbench/internal/ai/gemini_stream.go:140.10,142.5 1 0
clawbench/internal/ai/gemini_stream.go:145.16,150.23 2 0
clawbench/internal/ai/gemini_stream.go:150.23,154.4 3 0
clawbench/internal/ai/gemini_stream.go:155.3,155.28 1 0
clawbench/internal/ai/gemini_stream.go:155.28,157.24 2 0
clawbench/internal/ai/gemini_stream.go:157.24,159.5 1 0
clawbench/internal/ai/gemini_stream.go:160.4,160.31 1 0
clawbench/internal/ai/gemini_stream.go:160.31,162.5 1 0
clawbench/internal/ai/gemini_stream.go:163.9,165.4 1 0
clawbench/internal/ai/gemini_stream.go:166.3,167.34 2 0
clawbench/internal/ai/gemini_stream.go:169.10,170.79 1 0
clawbench/internal/ai/gemini_stream.go:175.54,186.39 3 0
clawbench/internal/ai/gemini_stream.go:186.39,188.3 1 0
clawbench/internal/ai/gemini_stream.go:191.2,191.23 1 0
clawbench/internal/ai/gemini_stream.go:191.23,193.3 1 0
clawbench/internal/ai/gemini_stream.go:196.2,196.21 1 0
clawbench/internal/ai/gemini_stream.go:196.21,198.3 1 0
clawbench/internal/ai/gemini_stream.go:200.2,200.13 1 0
clawbench/internal/ai/gemini_tool.go:5.61,7.29 2 0
clawbench/internal/ai/gemini_tool.go:7.29,9.17 2 0
clawbench/internal/ai/gemini_tool.go:9.17,11.4 1 0
clawbench/internal/ai/gemini_tool.go:11.9,13.4 1 0
clawbench/internal/ai/gemini_tool.go:15.2,20.3 1 0
clawbench/internal/ai/gemini_tool.go:25.64,26.22 1 0
clawbench/internal/ai/gemini_tool.go:26.22,28.3 1 0
clawbench/internal/ai/gemini_tool.go:29.2,33.3 1 0
clawbench/internal/ai/interface.go:30.54,31.26 1 1
clawbench/internal/ai/interface.go:31.26,33.3 1 1
clawbench/internal/ai/interface.go:34.2,34.15 1 1
clawbench/internal/ai/interface.go:34.15,36.3 1 1
clawbench/internal/ai/interface.go:37.2,38.19 2 0
clawbench/internal/ai/interface.go:38.19,40.3 1 0
clawbench/internal/ai/interface.go:41.2,41.77 1 0
clawbench/internal/ai/interface.go:187.47,188.39 1 0
clawbench/internal/ai/interface.go:188.39,190.3 1 0
clawbench/internal/ai/interface.go:191.2,191.99 1 0
clawbench/internal/ai/kimi.go:5.32,10.37 1 0
clawbench/internal/ai/kimi.go:10.37,10.69 1 0
clawbench/internal/ai/kimi_stream.go:6.52,18.39 3 0
clawbench/internal/ai/kimi_stream.go:18.39,20.3 1 0
clawbench/internal/ai/kimi_stream.go:23.2,23.23 1 0
clawbench/internal/ai/kimi_stream.go:23.23,25.3 1 0
clawbench/internal/ai/kimi_stream.go:28.2,28.21 1 0
clawbench/internal/ai/kimi_stream.go:28.21,30.3 1 0
clawbench/internal/ai/kimi_stream.go:33.2,33.30 1 0
clawbench/internal/ai/kimi_stream.go:33.30,34.34 1 0
clawbench/internal/ai/kimi_stream.go:34.34,36.4 1 0
clawbench/internal/ai/kimi_stream.go:36.9,38.4 1 0
clawbench/internal/ai/kimi_stream.go:41.2,41.13 1 0
clawbench/internal/ai/opencode.go:10.36,10.70 1 0
clawbench/internal/ai/opencode.go:11.47,12.65 1 0
clawbench/internal/ai/opencode.go:12.65,14.4 1 0
clawbench/internal/ai/opencode.go:15.3,15.36 1 0
clawbench/internal/ai/opencode.go:15.36,17.4 1 0
clawbench/internal/ai/opencode.go:18.3,18.20 1 0
clawbench/internal/ai/opencode_stream.go:62.62,62.84 1 0
clawbench/internal/ai/opencode_stream.go:68.78,70.59 2 0
clawbench/internal/ai/opencode_stream.go:70.59,73.3 2 0
clawbench/internal/ai/opencode_stream.go:76.2,76.25 1 0
clawbench/internal/ai/opencode_stream.go:76.25,78.3 1 0
clawbench/internal/ai/opencode_stream.go:80.2,80.18 1 0
clawbench/internal/ai/opencode_stream.go:81.14,83.57 2 0
clawbench/internal/ai/opencode_stream.go:83.57,86.4 2 0
clawbench/internal/ai/opencode_stream.go:87.3,87.22 1 0
clawbench/internal/ai/opencode_stream.go:87.22,89.4 1 0
clawbench/internal/ai/opencode_stream.go:91.3,92.17 2 0
clawbench/internal/ai/opencode_stream.go:92.17,94.4 1 0
clawbench/internal/ai/opencode_stream.go:96.19,98.57 2 0
clawbench/internal/ai/opencode_stream.go:98.57,101.4 2 0
clawbench/internal/ai/opencode_stream.go:102.3,102.22 1 0
clawbench/internal/ai/opencode_stream.go:102.22,104.4 1 0
clawbench/internal/ai/opencode_stream.go:105.3,106.17 2 0
clawbench/internal/ai/opencode_stream.go:106.17,108.4 1 0
clawbench/internal/ai/opencode_stream.go:110.18,112.57 2 0
clawbench/internal/ai/opencode_stream.go:112.57,115.4 2 0
clawbench/internal/ai/opencode_stream.go:116.3,117.53 2 0
clawbench/internal/ai/opencode_stream.go:117.53,119.29 1 0
clawbench/internal/ai/opencode_stream.go:119.29,124.19 2 0
clawbench/internal/ai/opencode_stream.go:124.19,126.6 1 0
clawbench/internal/ai/opencode_stream.go:127.5,127.30 1 0
clawbench/internal/ai/opencode_stream.go:130.3,133.24 4 0
clawbench/internal/ai/opencode_stream.go:133.24,135.39 2 0
clawbench/internal/ai/opencode_stream.go:135.39,137.5 1 0
clawbench/internal/ai/opencode_stream.go:139.3,146.5 1 0
clawbench/internal/ai/opencode_stream.go:148.21,150.57 2 0
clawbench/internal/ai/opencode_stream.go:150.57,153.4 2 0
clawbench/internal/ai/opencode_stream.go:154.3,154.28 1 0
clawbench/internal/ai/opencode_stream.go:154.28,160.26 2 0
clawbench/internal/ai/opencode_stream.go:160.26,163.5 2 0
clawbench/internal/ai/opencode_stream.go:164.4,165.35 2 0
clawbench/internal/ai/opencode_stream.go:169.20,169.20 0 0
clawbench/internal/ai/opencode_stream.go:172.10,173.81 1 0
clawbench/internal/ai/opencode_stream.go:178.56,194.39 3 0
clawbench/internal/ai/opencode_stream.go:194.39,196.3 1 0
clawbench/internal/ai/opencode_stream.go:199.2,199.23 1 0
clawbench/internal/ai/opencode_stream.go:199.23,201.3 1 0
clawbench/internal/ai/opencode_stream.go:204.2,204.21 1 0
clawbench/internal/ai/opencode_stream.go:204.21,206.3 1 0
clawbench/internal/ai/opencode_stream.go:209.2,209.30 1 0
clawbench/internal/ai/opencode_stream.go:209.30,211.3 1 0
clawbench/internal/ai/opencode_stream.go:213.2,213.13 1 0
clawbench/internal/ai/opencode_tool.go:11.67,12.28 1 0
clawbench/internal/ai/opencode_tool.go:12.28,14.3 1 0
clawbench/internal/ai/opencode_tool.go:16.2,17.56 2 0
clawbench/internal/ai/opencode_tool.go:17.56,20.3 2 0
clawbench/internal/ai/opencode_tool.go:22.2,23.90 2 0
clawbench/internal/ai/opencode_tool.go:23.90,25.17 2 0
clawbench/internal/ai/opencode_tool.go:25.17,27.4 1 0
clawbench/internal/ai/opencode_tool.go:27.9,29.4 1 0
clawbench/internal/ai/opencode_tool.go:32.2,35.23 4 0
clawbench/internal/ai/opencode_tool.go:35.23,37.38 2 0
clawbench/internal/ai/opencode_tool.go:37.38,39.4 1 0
clawbench/internal/ai/opencode_tool.go:42.2,49.3 1 0
clawbench/internal/ai/orphan.go:49.23,50.29 1 0
clawbench/internal/ai/orphan.go:50.29,52.3 1 0
clawbench/internal/ai/orphan.go:54.2,55.16 2 0
clawbench/internal/ai/orphan.go:55.16,58.3 2 0
clawbench/internal/ai/orphan.go:60.2,61.32 2 0
clawbench/internal/ai/orphan.go:61.32,63.10 2 0
clawbench/internal/ai/orphan.go:63.10,64.12 1 0
clawbench/internal/ai/orphan.go:67.3,68.13 2 0
clawbench/internal/ai/orphan.go:68.13,70.4 1 0
clawbench/internal/ai/orphan.go:70.9,70.25 1 0
clawbench/internal/ai/orphan.go:70.25,72.4 1 0
clawbench/internal/ai/orphan.go:75.2,75.31 1 0
clawbench/internal/ai/orphan.go:75.31,77.3 1 0
clawbench/internal/ai/orphan.go:81.56,82.20 1 0
clawbench/internal/ai/orphan.go:82.20,84.3 1 0
clawbench/internal/ai/orphan.go:85.2,86.56 2 0
clawbench/internal/ai/orphan.go:86.56,88.3 1 0
clawbench/internal/ai/orphan.go:89.2,89.14 1 0
clawbench/internal/ai/orphan.go:89.14,91.3 1 0
clawbench/internal/ai/orphan.go:92.2,92.18 1 0
clawbench/internal/ai/orphan.go:105.69,108.16 3 0
clawbench/internal/ai/orphan.go:108.16,110.3 1 0
clawbench/internal/ai/orphan.go:112.2,114.14 2 0
clawbench/internal/ai/orphan.go:114.14,118.20 3 0
clawbench/internal/ai/orphan.go:118.20,120.4 1 0
clawbench/internal/ai/orphan.go:121.3,121.45 1 0
clawbench/internal/ai/orphan.go:124.2,124.14 1 0
clawbench/internal/ai/orphan.go:124.14,126.3 1 0
clawbench/internal/ai/orphan.go:130.2,131.65 2 0
clawbench/internal/ai/orphan.go:131.65,133.3 1 0
clawbench/internal/ai/orphan.go:134.2,134.24 1 0
clawbench/internal/ai/orphan.go:134.24,137.3 2 0
clawbench/internal/ai/orphan.go:139.2,139.20 1 0
clawbench/internal/ai/orphan.go:146.34,148.16 2 0
clawbench/internal/ai/orphan.go:148.16,150.3 1 0
clawbench/internal/ai/orphan.go:151.2,151.15 1 0
clawbench/internal/ai/orphan.go:151.15,154.3 1 0
clawbench/internal/ai/orphan.go:156.2,157.16 2 0
clawbench/internal/ai/orphan.go:157.16,159.3 1 0
clawbench/internal/ai/orphan.go:160.2,160.55 1 0
clawbench/internal/ai/orphan.go:160.55,162.3 1 0
clawbench/internal/ai/orphan.go:163.2,163.13 1 0
clawbench/internal/ai/orphan.go:167.30,169.16 2 0
clawbench/internal/ai/orphan.go:169.16,171.3 1 0
clawbench/internal/ai/orphan.go:174.2,174.55 1 0
clawbench/internal/ai/orphan.go:174.55,176.3 1 0
clawbench/internal/ai/orphan.go:178.2,179.36 2 0
clawbench/internal/ai/orphan.go:179.36,182.3 2 0
clawbench/internal/ai/orphan.go:184.2,185.10 2 0
clawbench/internal/ai/orphan.go:191.55,193.2 1 0
clawbench/internal/ai/orphan.go:197.60,199.2 1 0
clawbench/internal/ai/orphan.go:204.51,206.48 2 0
clawbench/internal/ai/orphan.go:206.48,207.83 1 0
clawbench/internal/ai/orphan.go:207.83,209.4 1 0
clawbench/internal/ai/orphan.go:211.2,211.14 1 0
clawbench/internal/ai/orphan.go:217.59,219.20 2 0
clawbench/internal/ai/orphan.go:219.20,221.3 1 0
clawbench/internal/ai/orphan.go:223.2,223.44 1 0
clawbench/internal/ai/orphan.go:223.44,224.27 1 0
clawbench/internal/ai/orphan.go:224.27,225.12 1 0
clawbench/internal/ai/orphan.go:227.3,228.34 2 0
clawbench/internal/ai/orphan.go:228.34,229.30 1 0
clawbench/internal/ai/orphan.go:229.30,231.10 2 0
clawbench/internal/ai/orphan.go:234.3,234.12 1 0
clawbench/internal/ai/orphan.go:234.12,238.23 3 0
clawbench/internal/ai/orphan.go:238.23,240.5 1 0
clawbench/internal/ai/orphan.go:243.2,243.14 1 0
clawbench/internal/ai/orphan.go:247.49,248.22 1 0
clawbench/internal/ai/orphan.go:248.22,249.25 1 0
clawbench/internal/ai/orphan.go:249.25,251.4 1 0
clawbench/internal/ai/orphan.go:253.2,253.22 1 0
clawbench/internal/ai/orphan.go:253.22,255.3 1 0
clawbench/internal/ai/orphan.go:256.2,256.18 1 0
clawbench/internal/ai/pi.go:10.36,10.64 1 0
clawbench/internal/ai/pi.go:30.50,34.9 2 0
clawbench/internal/ai/pi.go:35.41,40.45 2 0
clawbench/internal/ai/pi.go:41.18,45.33 2 0
clawbench/internal/ai/pi.go:46.30,48.38 1 0
clawbench/internal/ai/pi.go:54.2,57.28 2 0
clawbench/internal/ai/pi.go:57.28,59.3 1 0
clawbench/internal/ai/pi.go:62.2,62.21 1 0
clawbench/internal/ai/pi.go:62.21,64.3 1 0
clawbench/internal/ai/pi.go:67.2,67.30 1 0
clawbench/internal/ai/pi.go:67.30,69.3 1 0
clawbench/internal/ai/pi.go:72.2,74.13 2 0
clawbench/internal/ai/pi_stream.go:93.56,95.2 1 0
clawbench/internal/ai/pi_stream.go:99.72,101.59 2 0
clawbench/internal/ai/pi_stream.go:101.59,104.3 2 0
clawbench/internal/ai/pi_stream.go:106.2,106.18 1 0
clawbench/internal/ai/pi_stream.go:107.17,108.19 1 0
clawbench/internal/ai/pi_stream.go:108.19,113.4 2 0
clawbench/internal/ai/pi_stream.go:115.24,116.33 1 0
clawbench/internal/ai/pi_stream.go:118.21,119.30 1 0
clawbench/internal/ai/pi_stream.go:121.30,121.30 0 0
clawbench/internal/ai/pi_stream.go:124.28,125.36 1 0
clawbench/internal/ai/pi_stream.go:127.19,128.34 1 0
clawbench/internal/ai/pi_stream.go:130.10,131.75 1 0
clawbench/internal/ai/pi_stream.go:136.90,137.38 1 0
clawbench/internal/ai/pi_stream.go:137.38,139.3 1 0
clawbench/internal/ai/pi_stream.go:141.2,143.18 2 0
clawbench/internal/ai/pi_stream.go:144.24,145.22 1 0
clawbench/internal/ai/pi_stream.go:145.22,147.4 1 0
clawbench/internal/ai/pi_stream.go:149.20,150.22 1 0
clawbench/internal/ai/pi_stream.go:150.22,152.4 1 0
clawbench/internal/ai/pi_stream.go:154.42,154.42 0 0
clawbench/internal/ai/pi_stream.go:159.22,160.26 1 0
clawbench/internal/ai/pi_stream.go:160.26,168.4 2 0
clawbench/internal/ai/pi_stream.go:170.66,170.66 0 0
clawbench/internal/ai/pi_stream.go:176.87,177.24 1 0
clawbench/internal/ai/pi_stream.go:177.24,179.3 1 0
clawbench/internal/ai/pi_stream.go:181.2,184.20 2 0
clawbench/internal/ai/pi_stream.go:184.20,186.26 2 0
clawbench/internal/ai/pi_stream.go:186.26,188.4 1 0
clawbench/internal/ai/pi_stream.go:189.3,194.5 1 0
clawbench/internal/ai/pi_stream.go:198.2,198.29 1 0
clawbench/internal/ai/pi_stream.go:198.29,200.19 2 0
clawbench/internal/ai/pi_stream.go:200.19,202.4 1 0
clawbench/internal/ai/pi_stream.go:203.3,203.50 1 0
clawbench/internal/ai/pi_stream.go:208.93,209.26 1 0
clawbench/internal/ai/pi_stream.go:209.26,211.3 1 0
clawbench/internal/ai/pi_stream.go:214.2,215.23 2 0
clawbench/internal/ai/pi_stream.go:215.23,217.40 2 0
clawbench/internal/ai/pi_stream.go:217.40,218.40 1 0
clawbench/internal/ai/pi_stream.go:218.40,220.5 1 0
clawbench/internal/ai/pi_stream.go:222.3,222.21 1 0
clawbench/internal/ai/pi_stream.go:222.21,224.4 1 0
clawbench/internal/ai/pi_stream.go:227.2,228.17 2 0
clawbench/internal/ai/pi_stream.go:228.17,230.3 1 0
clawbench/internal/ai/pi_stream.go:232.2,236.4 1 0
clawbench/internal/ai/pi_stream.go:247.73,248.24 1 0
clawbench/internal/ai/pi_stream.go:248.24,250.3 1 0
clawbench/internal/ai/pi_stream.go:252.2,254.18 2 0
clawbench/internal/ai/pi_stream.go:255.23,256.31 1 0
clawbench/internal/ai/pi_stream.go:257.14,260.48 2 0
clawbench/internal/ai/pi_stream.go:261.14,261.14 0 0
clawbench/internal/ai/pi_stream.go:265.2,266.16 2 0
clawbench/internal/ai/pi_stream.go:266.16,268.3 1 0
clawbench/internal/ai/pi_stream.go:269.2,269.27 1 0
clawbench/internal/ai/pi_stream.go:274.89,276.65 2 0
clawbench/internal/ai/pi_stream.go:276.65,278.3 1 0
clawbench/internal/ai/pi_stream.go:281.2,281.34 1 0
clawbench/internal/ai/pi_stream.go:281.34,282.31 1 0
clawbench/internal/ai/pi_stream.go:282.31,285.4 2 0
clawbench/internal/ai/pi_stream.go:289.2,289.40 1 0
clawbench/internal/ai/pi_stream.go:289.40,290.40 1 0
clawbench/internal/ai/pi_stream.go:290.40,291.34 1 0
clawbench/internal/ai/pi_stream.go:291.34,292.49 1 0
clawbench/internal/ai/pi_stream.go:292.49,293.38 1 0
clawbench/internal/ai/pi_stream.go:293.38,296.7 2 0
clawbench/internal/ai/pi_stream.go:297.6,297.38 1 0
clawbench/internal/ai/pi_stream.go:297.38,300.7 2 0
clawbench/internal/ai/pi_stream.go:301.6,301.21 1 0
clawbench/internal/ai/pi_stream.go:304.4,304.26 1 0
clawbench/internal/ai/pi_stream.go:308.2,309.16 2 0
clawbench/internal/ai/pi_stream.go:309.16,311.3 1 0
clawbench/internal/ai/pi_stream.go:312.2,312.27 1 0
clawbench/internal/ai/pi_tool.go:13.65,14.25 1 0
clawbench/internal/ai/pi_tool.go:14.25,16.3 1 0
clawbench/internal/ai/pi_tool.go:18.2,26.3 3 0
clawbench/internal/ai/pi_tool.go:32.62,33.26 1 0
clawbench/internal/ai/pi_tool.go:33.26,35.3 1 0
clawbench/internal/ai/pi_tool.go:37.2,38.23 2 0
clawbench/internal/ai/pi_tool.go:38.23,40.40 2 0
clawbench/internal/ai/pi_tool.go:40.40,41.40 1 0
clawbench/internal/ai/pi_tool.go:41.40,43.5 1 0
clawbench/internal/ai/pi_tool.go:45.3,45.21 1 0
clawbench/internal/ai/pi_tool.go:45.21,47.4 1 0
clawbench/internal/ai/pi_tool.go:50.2,51.17 2 0
clawbench/internal/ai/pi_tool.go:51.17,53.3 1 0
clawbench/internal/ai/pi_tool.go:55.2,59.3 1 0
clawbench/internal/ai/pi_tool.go:68.77,69.24 1 0
clawbench/internal/ai/pi_tool.go:69.24,71.3 1 0
clawbench/internal/ai/pi_tool.go:73.2,73.24 1 0
clawbench/internal/ai/pi_tool.go:73.24,75.3 1 0
clawbench/internal/ai/pi_tool.go:77.2,78.16 2 0
clawbench/internal/ai/pi_tool.go:78.16,80.3 1 0
clawbench/internal/ai/pi_tool.go:81.2,81.27 1 0
clawbench/internal/ai/qoder.go:13.36,13.62 1 0
clawbench/internal/ai/qoder.go:15.49,20.3 1 0
clawbench/internal/ai/qoder_stream.go:4.53,10.16 2 0
clawbench/internal/ai/qoder_stream.go:10.16,12.3 1 0
clawbench/internal/ai/qoder_stream.go:12.8,12.32 1 0
clawbench/internal/ai/qoder_stream.go:12.32,14.3 1 0
clawbench/internal/ai/qoder_stream.go:16.2,16.23 1 0
clawbench/internal/ai/qoder_stream.go:16.23,18.3 1 0
clawbench/internal/ai/qoder_stream.go:19.2,21.28 2 0
clawbench/internal/ai/qoder_stream.go:21.28,23.3 1 0
clawbench/internal/ai/qoder_stream.go:25.2,25.21 1 0
clawbench/internal/ai/qoder_stream.go:25.21,27.3 1 0
clawbench/internal/ai/qoder_stream.go:29.2,29.13 1 0
clawbench/internal/ai/stream_parser.go:134.53,135.19 1 0
clawbench/internal/ai/stream_parser.go:135.19,137.3 1 0
clawbench/internal/ai/stream_parser.go:139.2,140.48 2 0
clawbench/internal/ai/stream_parser.go:140.48,142.3 1 0
clawbench/internal/ai/stream_parser.go:144.2,148.53 2 0
clawbench/internal/ai/stream_parser.go:148.53,150.28 2 0
clawbench/internal/ai/stream_parser.go:150.28,151.24 1 0
clawbench/internal/ai/stream_parser.go:151.24,152.14 1 0
clawbench/internal/ai/stream_parser.go:152.14,154.6 1 0
clawbench/internal/ai/stream_parser.go:155.5,155.27 1 0
clawbench/internal/ai/stream_parser.go:158.3,158.21 1 0
clawbench/internal/ai/stream_parser.go:161.2,161.20 1 0
clawbench/internal/ai/stream_parser.go:217.54,217.67 1 0
clawbench/internal/ai/stream_parser.go:224.70,226.59 2 0
clawbench/internal/ai/stream_parser.go:226.59,229.3 2 0
clawbench/internal/ai/stream_parser.go:231.2,231.18 1 0
clawbench/internal/ai/stream_parser.go:232.19,234.25 1 0
clawbench/internal/ai/stream_parser.go:234.25,235.46 1 0
clawbench/internal/ai/stream_parser.go:235.46,236.23 1 0
clawbench/internal/ai/stream_parser.go:237.21,238.34 1 0
clawbench/internal/ai/stream_parser.go:238.34,245.78 1 0
clawbench/internal/ai/stream_parser.go:245.78,247.46 2 0
clawbench/internal/ai/stream_parser.go:247.46,256.9 2 0
clawbench/internal/ai/stream_parser.go:257.8,257.49 1 0
clawbench/internal/ai/stream_parser.go:259.7,259.15 1 0
clawbench/internal/ai/stream_parser.go:263.6,269.8 2 0
clawbench/internal/ai/stream_parser.go:270.24,273.25 2 0
clawbench/internal/ai/stream_parser.go:273.25,275.7 1 0
clawbench/internal/ai/stream_parser.go:276.6,277.23 2 0
clawbench/internal/ai/stream_parser.go:277.23,279.7 1 0
clawbench/internal/ai/stream_parser.go:280.6,281.42 2 0
clawbench/internal/ai/stream_parser.go:281.42,283.7 1 0
clawbench/internal/ai/stream_parser.go:284.6,288.8 1 0
clawbench/internal/ai/stream_parser.go:289.21,290.60 1 0
clawbench/internal/ai/stream_parser.go:290.60,292.7 1 0
clawbench/internal/ai/stream_parser.go:293.17,294.48 1 0
clawbench/internal/ai/stream_parser.go:294.48,296.7 1 0
clawbench/internal/ai/stream_parser.go:299.4,299.10 1 0
clawbench/internal/ai/stream_parser.go:303.3,303.24 1 0
clawbench/internal/ai/stream_parser.go:303.24,305.4 1 0
clawbench/internal/ai/stream_parser.go:307.3,307.46 1 0
clawbench/internal/ai/stream_parser.go:307.46,309.4 1 0
clawbench/internal/ai/stream_parser.go:311.16,319.23 2 0
clawbench/internal/ai/stream_parser.go:319.23,322.4 2 0
clawbench/internal/ai/stream_parser.go:324.3,324.20 1 0
clawbench/internal/ai/stream_parser.go:324.20,326.4 1 0
clawbench/internal/ai/stream_parser.go:328.3,328.43 1 0
clawbench/internal/ai/stream_parser.go:328.43,329.24 1 0
clawbench/internal/ai/stream_parser.go:329.24,331.5 1 0
clawbench/internal/ai/stream_parser.go:332.4,332.55 1 0
clawbench/internal/ai/stream_parser.go:332.55,335.5 2 0
clawbench/internal/ai/stream_parser.go:336.4,336.9 1 0
clawbench/internal/ai/stream_parser.go:339.3,339.30 1 0
clawbench/internal/ai/stream_parser.go:339.30,340.24 1 0
clawbench/internal/ai/stream_parser.go:340.24,342.5 1 0
clawbench/internal/ai/stream_parser.go:343.4,343.37 1 0
clawbench/internal/ai/stream_parser.go:343.37,344.56 1 0
clawbench/internal/ai/stream_parser.go:344.56,347.6 2 0
clawbench/internal/ai/stream_parser.go:351.3,351.18 1 0
clawbench/internal/ai/stream_parser.go:351.18,354.43 2 0
clawbench/internal/ai/stream_parser.go:354.43,356.5 1 0
clawbench/internal/ai/stream_parser.go:357.4,359.20 2 0
clawbench/internal/ai/stream_parser.go:359.20,362.5 2 0
clawbench/internal/ai/stream_parser.go:364.3,366.34 3 0
clawbench/internal/ai/stream_parser.go:368.16,368.16 0 0
clawbench/internal/ai/stream_parser.go:371.14,375.25 1 0
clawbench/internal/ai/stream_parser.go:375.25,376.46 1 0
clawbench/internal/ai/stream_parser.go:376.46,377.36 1 0
clawbench/internal/ai/stream_parser.go:377.36,378.14 1 0
clawbench/internal/ai/stream_parser.go:380.5,381.24 2 0
clawbench/internal/ai/stream_parser.go:381.24,383.6 1 0
clawbench/internal/ai/stream_parser.go:384.5,385.22 2 0
clawbench/internal/ai/stream_parser.go:385.22,387.6 1 0
clawbench/internal/ai/stream_parser.go:388.5,389.41 2 0
clawbench/internal/ai/stream_parser.go:389.41,391.6 1 0
clawbench/internal/ai/stream_parser.go:392.5,397.7 2 0
clawbench/internal/ai/stream_parser.go:401.22,403.23 1 0
clawbench/internal/ai/stream_parser.go:403.23,405.4 1 0
clawbench/internal/ai/stream_parser.go:406.3,406.25 1 0
clawbench/internal/ai/stream_parser.go:407.30,408.30 1 0
clawbench/internal/ai/stream_parser.go:408.30,410.5 1 0
clawbench/internal/ai/stream_parser.go:411.4,411.32 1 0
clawbench/internal/ai/stream_parser.go:412.22,417.35 1 0
clawbench/internal/ai/stream_parser.go:417.35,418.63 1 0
clawbench/internal/ai/stream_parser.go:418.63,419.37 1 0
clawbench/internal/ai/stream_parser.go:419.37,421.8 1 0
clawbench/internal/ai/stream_parser.go:422.7,422.13 1 0
clawbench/internal/ai/stream_parser.go:425.5,425.35 1 0
clawbench/internal/ai/stream_parser.go:425.35,428.6 2 0
clawbench/internal/ai/stream_parser.go:429.28,433.55 1 0
clawbench/internal/ai/stream_parser.go:433.55,435.21 2 0
clawbench/internal/ai/stream_parser.go:435.21,437.7 1 0
clawbench/internal/ai/stream_parser.go:439.26,440.39 1 0
clawbench/internal/ai/stream_parser.go:440.39,443.6 2 0
clawbench/internal/ai/stream_parser.go:445.30,446.37 1 0
clawbench/internal/ai/stream_parser.go:446.37,447.40 1 0
clawbench/internal/ai/stream_parser.go:448.21,462.52 3 0
clawbench/internal/ai/stream_parser.go:462.52,464.7 1 0
clawbench/internal/ai/stream_parser.go:467.6,467.30 1 0
clawbench/internal/ai/stream_parser.go:467.30,469.7 1 0
clawbench/internal/ai/stream_parser.go:473.6,473.60 1 0
clawbench/internal/ai/stream_parser.go:473.60,478.7 4 0
clawbench/internal/ai/stream_parser.go:479.6,488.26 4 0
clawbench/internal/ai/stream_parser.go:488.26,489.41 1 0
clawbench/internal/ai/stream_parser.go:489.41,491.8 1 0
clawbench/internal/ai/stream_parser.go:492.7,492.46 1 0
clawbench/internal/ai/stream_parser.go:494.24,499.36 1 0
clawbench/internal/ai/stream_parser.go:499.36,501.7 1 0
clawbench/internal/ai/stream_parser.go:502.6,508.25 3 0
clawbench/internal/ai/stream_parser.go:508.25,510.7 1 0
clawbench/internal/ai/stream_parser.go:511.6,513.46 2 0
clawbench/internal/ai/stream_parser.go:513.46,515.7 1 0
clawbench/internal/ai/stream_parser.go:516.6,516.50 1 0
clawbench/internal/ai/stream_parser.go:517.21,520.39 1 0
clawbench/internal/ai/stream_parser.go:520.39,522.7 1 0
clawbench/internal/ai/stream_parser.go:523.6,523.52 1 0
clawbench/internal/ai/stream_parser.go:526.29,528.34 1 0
clawbench/internal/ai/stream_parser.go:528.34,529.62 1 0
clawbench/internal/ai/stream_parser.go:529.62,531.23 2 0
clawbench/internal/ai/stream_parser.go:531.23,533.7 1 0
clawbench/internal/ai/stream_parser.go:534.6,539.50 2 0
clawbench/internal/ai/stream_parser.go:543.4,543.54 1 0
clawbench/internal/ai/stream_parser.go:543.54,550.27 4 0
clawbench/internal/ai/stream_parser.go:550.27,551.40 1 0
clawbench/internal/ai/stream_parser.go:551.40,553.7 1 0
clawbench/internal/ai/stream_parser.go:554.6,554.47 1 0
clawbench/internal/ai/stream_parser.go:556.5,556.43 1 0
clawbench/internal/ai/stream_parser.go:557.10,557.87 1 0
clawbench/internal/ai/stream_parser.go:557.87,563.5 2 0
clawbench/internal/ai/stream_parser.go:563.10,565.5 1 0
clawbench/internal/ai/stream_parser.go:566.24,568.65 1 0
clawbench/internal/ai/stream_parser.go:568.65,570.5 1 0
clawbench/internal/ai/stream_parser.go:574.4,576.36 3 0
clawbench/internal/ai/stream_parser.go:577.40,577.40 0 0
clawbench/internal/ai/stream_parser.go:581.31,581.31 0 0
clawbench/internal/ai/stream_parser.go:584.10,585.72 1 0
clawbench/internal/ai/vecli.go:26.38,32.37 2 0
clawbench/internal/ai/vecli.go:32.37,32.68 1 0
clawbench/internal/ai/vecli.go:36.2,36.10 1 0
clawbench/internal/ai/vecli.go:40.38,40.56 1 0
clawbench/internal/ai/vecli.go:45.70,47.55 2 0
clawbench/internal/ai/vecli.go:47.55,49.3 1 0
clawbench/internal/ai/vecli.go:51.2,53.63 3 0
clawbench/internal/ai/vecli.go:67.104,72.25 2 0
clawbench/internal/ai/vecli.go:72.25,74.3 1 0
clawbench/internal/ai/vecli.go:76.2,79.16 3 0
clawbench/internal/ai/vecli.go:79.16,82.3 2 0
clawbench/internal/ai/vecli.go:84.2,86.12 2 0
clawbench/internal/ai/vecli.go:86.12,90.27 2 0
clawbench/internal/ai/vecli.go:90.27,93.25 1 0
clawbench/internal/ai/vecli.go:93.25,94.13 1 0
clawbench/internal/ai/vecli.go:97.4,97.11 1 0
clawbench/internal/ai/vecli.go:98.21,98.21 0 0
clawbench/internal/ai/vecli.go:99.12,99.12 0 0
clawbench/internal/ai/vecli.go:105.3,105.23 1 0
clawbench/internal/ai/vecli.go:105.23,106.11 1 0
clawbench/internal/ai/vecli.go:107.44,107.44 0 0
clawbench/internal/ai/vecli.go:108.12,108.12 0 0
clawbench/internal/ai/vecli.go:111.4,111.60 1 0
clawbench/internal/ai/vecli.go:111.60,112.44 1 0
clawbench/internal/ai/vecli.go:112.44,114.6 1 0
clawbench/internal/ai/vecli.go:116.4,116.10 1 0
clawbench/internal/ai/vecli.go:120.3,121.9 2 0
clawbench/internal/ai/vecli.go:121.9,123.15 2 0
clawbench/internal/ai/vecli.go:123.15,125.5 1 0
clawbench/internal/ai/vecli.go:126.4,126.17 1 0
clawbench/internal/ai/vecli.go:126.17,126.40 1 0
clawbench/internal/ai/vecli.go:128.4,128.58 1 0
clawbench/internal/ai/vecli.go:128.58,130.24 2 0
clawbench/internal/ai/vecli.go:130.24,132.6 1 0
clawbench/internal/ai/vecli.go:132.11,134.13 2 0
clawbench/internal/ai/vecli.go:135.62,135.62 0 0
clawbench/internal/ai/vecli.go:136.14,136.14 0 0
clawbench/internal/ai/vecli.go:139.10,141.5 1 0
clawbench/internal/ai/vecli.go:145.3,145.10 1 0
clawbench/internal/ai/vecli.go:146.43,146.43 0 0
clawbench/internal/ai/vecli.go:147.11,147.11 0 0
clawbench/internal/ai/vecli.go:151.2,151.19 1 0
clawbench/internal/ai/vecli_stream.go:15.75,17.2 1 0
clawbench/internal/ai/vecli_stream.go:20.59,20.72 1 0
clawbench/internal/ai/vecli_stream.go:25.47,35.23 3 0
clawbench/internal/ai/vecli_stream.go:35.23,37.3 1 0
clawbench/internal/ai/vecli_stream.go:40.2,40.21 1 0
clawbench/internal/ai/vecli_stream.go:40.21,42.3 1 0
clawbench/internal/ai/vecli_stream.go:48.2,48.13 1 0
clawbench/internal/ai/vecli_stream.go:88.74,93.47 2 0
clawbench/internal/ai/vecli_stream.go:93.47,94.43 1 0
clawbench/internal/ai/vecli_stream.go:94.43,95.12 1 0
clawbench/internal/ai/vecli_stream.go:97.3,101.23 5 0
clawbench/internal/ai/vecli_stream.go:101.23,102.9 1 0
clawbench/internal/ai/vecli_stream.go:105.2,105.40 1 0
clawbench/internal/ai/vecli_stream.go:105.40,107.3 1 0
clawbench/internal/ai/vecli_stream.go:108.2,108.13 1 0
clawbench/internal/ai/vecli_stream.go:112.74,114.55 2 0
clawbench/internal/ai/vecli_stream.go:114.55,116.3 1 0
clawbench/internal/ai/vecli_stream.go:117.2,117.22 1 0
